ln_output1802_all,hugue_1700_pc,poploss_keyser,ln_workers1802_all,ln_looms1802_all,mi_ln_input1802_all,no_looms,ln_popcity1802,vieh1816_schaf_ganz_veredelt_pc,pop1816_prot_pc,no_hugue_possible,imputed_dummy,textil_1680_dummy
7.052721024,0,NA,3.713572025,-0.693147182,6.400232315,1,8.539150238,0,0.937324464,0,1,0
7.53369379,0.010740975,NA,2.639057398,2.602689743,6.795705795,0,10.94040203,5.64E-05,0.945908666,0,0,0
8.471986771,0.010740975,NA,3.583518982,3.597312212,7.937374592,0,10.94040203,5.64E-05,0.945908666,0,0,0
11.38924217,0.010740975,NA,5.446737289,3.860729694,11.09527111,0,10.94040203,5.64E-05,0.945908666,0,0,0
10.70092678,0.010740975,NA,5.298317432,4.505349636,10.11940479,0,10.94040203,5.64E-05,0.945908666,0,0,0
7.851661205,0.010740975,NA,2.639057398,2.140066147,7.473069191,0,10.94040203,5.64E-05,0.945908666,0,0,0
8.844480515,0.010740975,NA,5.159055233,-0.693147182,8.535033226,1,10.94040203,5.64E-05,0.945908666,0,0,0
9.461098671,0.010740975,NA,3.135494232,-0.693147182,8.74193573,1,10.94040203,5.64E-05,0.945908666,0,0,0
10.44685745,0.010740975,NA,4.477336884,4.714024544,10.03758144,0,10.94040203,5.64E-05,0.945908666,0,0,0
6.726233482,0.010740975,NA,2.079441547,-0.693147182,6.24804306,1,10.94040203,5.64E-05,0.945908666,0,0,0
6.473890781,0.010740975,NA,1.098612309,0.91629076,6.253829002,0,10.94040203,5.64E-05,0.945908666,0,0,0
9.696647644,0.010740975,NA,3.091042519,-0.693147182,9.0710783,1,10.94040203,5.64E-05,0.945908666,0,0,0
7.170119762,0,NA,2.484906673,-0.693147182,6.142037392,1,7.899895191,0.019823452,0.983852386,0,0,0
6.380122662,0,NA,0,0.405465096,6.142037392,0,7.899895191,0.019823452,0.983852386,0,0,0
6.835184574,0,NA,2.197224617,2.251291752,6.551080227,0,7.421775818,0.033314489,0.955168128,0,0,0
4.382026672,0,NA,1.098612309,-0.693147182,3.555348158,1,7.421775818,0.033314489,0.955168128,0,0,0
7.133296013,0,NA,2.079441547,1.704748034,6.536691666,0,7.697121143,0.033285141,0.933308899,0,0,0
6.763885021,0,NA,2.197224617,-0.693147182,6.33859396,1,7.697121143,0.033285141,0.933308899,0,0,0
6.71538353,0,NA,0.693147182,0.91629076,5.693732262,0,7.196686745,0.033285141,0.996779382,0,0,0
6.109247684,0,NA,1.098612309,-0.693147182,5.187386036,1,7.196686745,0.033285141,0.996779382,0,0,0
5.703782558,0,NA,1.098612309,-0.693147182,5.298317432,1,8.147288322,0.019303706,0.975091875,0,0,0
7.32118845,0,NA,1.609437943,1.252762914,6.756932259,0,8.147288322,0.019303706,0.975091875,0,0,0
6.907755375,0,NA,1.945910096,1.504077435,6.396929741,0,8.147288322,0.019303706,0.975091875,0,0,0
5.56068182,0,NA,1.945910096,-0.693147182,4.499809742,1,7.658227444,0.019303706,0.974004447,0,0,0
7.894318104,0,NA,3.526360512,2.525728703,7.313220501,0,7.658227444,0.019303706,0.974004447,0,0,0
6.095824718,0,NA,1.098612309,-0.693147182,5.010635376,1,7.595890045,0.019303706,0.983663917,0,0,0
6.733401775,0,NA,2.484906673,1.871802211,6.291569233,0,7.595890045,0.019303706,0.983663917,0,0,0
5.105945587,0,NA,0.693147182,-0.693147182,4.317488194,1,7.595890045,0.019303706,0.983663917,0,0,0
5.59842205,0,NA,0.693147182,-0.693147182,4.941642284,1,7.390181541,0.019314403,0.982468426,0,0,0
9.501366615,0,NA,5.288267136,3.624341011,9.148465157,0,7.390181541,0.019314403,0.982468426,0,0,0
4.60517025,0,NA,1.098612309,-0.693147182,3.912023067,1,7.216709614,0.019314403,0.991052985,0,0,0
7.544332027,0,NA,2.833213329,2.67414856,6.946976185,0,7.216709614,0.019314403,0.991052985,0,0,0
6.214608192,0,NA,0,-0.693147182,5.52146101,1,7.216709614,0.019314403,0.991052985,0,0,0
5.010635376,0,-1.112499952,0.693147182,-0.693147182,4.317488194,1,7.273092747,0.019277491,0.948330164,0,0,0
8.407378197,0,-1.112499952,3.401197433,3.020424843,8.069028854,0,7.273092747,0.019277491,0.948330164,0,0,0
7.404887676,0,NA,2.302585125,2.251291752,6.99942255,0,8.665267944,0,0.17201744,1,0,0
5.736572266,0,NA,0.693147182,-0.693147182,5.327876091,1,8.665267944,0,0.17201744,1,0,0
6.946976185,0,NA,1.945910096,2.014903069,6.54102993,0,8.665267944,0,0.17201744,1,0,0
5.192956924,0,NA,1.386294365,-0.693147182,4.787491798,1,7.719130039,0,0.043650795,1,0,0
9.046644211,0,NA,4.077537537,3.749504089,8.641179085,0,7.719130039,0,0.043650795,1,0,0
6.396929741,0,NA,2.564949274,2.251291752,5.991464615,0,7.670428753,0,0.083371095,1,0,0
6.790097237,0,NA,1.609437943,-0.693147182,6.383506775,1,7.670428753,0,0.083371095,1,0,0
4.382026672,0,NA,0,-0.693147182,3.970291853,1,7.23849678,0,0.049711816,1,0,0
7.612336636,0,NA,2.197224617,2.140066147,7.206377506,0,7.23849678,0,0.049711816,1,0,0
6.331501961,0,NA,2.484906673,2.44234705,5.924255848,0,7.712891102,0.010606061,0.157841817,1,0,0
6.72503376,0,NA,1.386294365,-0.693147182,6.318968296,1,7.712891102,0.010606061,0.157841817,1,0,0
7.174724102,0,NA,3.044522524,2.9704144,6.768493176,0,7.842671394,0.010606061,0.036255412,1,0,0
7.185387135,0,NA,3.135494232,-0.693147182,6.779922009,1,7.842671394,0.010606061,0.036255412,1,0,0
5.613128185,0,NA,0.693147182,-0.693147182,5.204006672,1,7.842671394,0.010606061,0.036255412,1,0,0
7.875879288,0,NA,2.397895336,2.251291752,7.470223904,0,7.78280735,0.01061458,0.202836886,1,0,0
7.20340538,0,NA,2.302585125,2.351375341,6.797940254,0,7.78280735,0.01061458,0.202836886,1,0,0
4.330733299,0,NA,0,-0.693147182,3.912023067,1,7.78280735,0.01061458,0.202836886,1,0,0
4.465908051,0,NA,0,-0.693147182,4.060442924,1,7.709756851,0.01061458,0.070750237,1,0,0
6.206575871,0,NA,1.609437943,-0.693147182,5.79909277,1,7.709756851,0.01061458,0.070750237,1,0,0
6.364750862,0,NA,1.098612309,1.252762914,5.958424568,0,7.709756851,0.01061458,0.070750237,1,0,0
4.60517025,0,NA,0,-0.693147182,4.189654827,1,7.281385899,0.01061458,0.131007239,1,0,0
6.253829002,0,NA,2.484906673,-0.693147182,5.846438885,1,7.281385899,0.01061458,0.131007239,1,0,0
7.832014084,0,NA,2.484906673,2.251291752,7.426548958,0,7.281385899,0.01061458,0.131007239,1,0,0
6.366470337,0,NA,1.609437943,-0.693147182,5.961005211,1,7.382124424,0.01061458,0.118929632,1,0,0
4.890348911,0,NA,0,-0.693147182,4.477336884,1,7.382124424,0.01061458,0.118929632,1,0,0
5.863631248,0,NA,1.098612309,1.252762914,5.455321312,0,7.382124424,0.01061458,0.118929632,1,0,0
6.700731277,0,NA,1.609437943,1.704748034,6.295266151,0,7.607878208,0.01063514,0.120307989,1,0,0
5.811141014,0,NA,1.609437943,-0.693147182,5.402677536,1,7.607878208,0.01063514,0.120307989,1,0,0
6.086774826,0,NA,1.386294365,-0.693147182,5.393627644,1,7.247792721,6.35E-05,0.946859896,0,0,0
9.928229332,0,NA,4.820281506,3.960813284,9.259130478,0,7.247792721,6.35E-05,0.946859896,0,0,0
6.109247684,0,NA,2.484906673,-0.693147182,5.59842205,1,7.45472002,8.13E-05,0.916666687,0,0,0
7.160068989,0,NA,3.583518982,2.67414856,6.570882797,0,7.45472002,8.13E-05,0.916666687,0,0,0
4.60517025,0,NA,1.098612309,-0.693147182,3.912023067,1,7.425953865,8.13E-05,0.933057308,0,0,0
4.60517025,0,NA,0,0.405465096,3.912023067,0,7.425953865,8.13E-05,0.933057308,0,0,0
8.258681297,0,NA,4.330733299,3.624341011,7.669495106,0,7.425953865,8.13E-05,0.933057308,0,0,0
8.354909897,0,NA,3.891820192,3.157000303,8.176110268,0,7.468513489,0.015388831,0.923885822,0,0,0
6.666956902,0,NA,1.386294365,-0.693147182,6.366470337,1,7.468513489,0.015388831,0.923885822,0,0,0
7.780303001,0,NA,3.33220458,2.602689743,7.594381332,0,6.940222263,0.015388831,0.965610862,0,0,0
5.272999763,0,NA,0,-0.693147182,4.744932175,1,6.940222263,0.015388831,0.965610862,0,0,0
6.340359211,0,NA,2.197224617,-0.693147182,5.828945637,1,6.986566544,0.015388831,0.920212746,0,0,0
7.149916649,0,NA,2.564949274,2.014903069,6.579251289,0,6.986566544,0.015388831,0.920212746,0,0,0
3.850147486,0,0.201754391,0,-0.693147182,3.178053856,1,6.951772213,0.015388831,0.86717999,0,0,0
7.344072819,0,0.201754391,3.433987141,2.862200975,6.938284397,0,6.951772213,0.015388831,0.86717999,0,0,0
6.874198437,0,NA,2.484906673,-0.693147182,6.674561501,1,7.535830498,0.015406051,0.96362555,0,0,0
7.300472736,0,NA,2.890371799,2.140066147,7.046647072,0,7.535830498,0.015406051,0.96362555,0,0,0
5.720311642,0,NA,1.098612309,-0.693147182,5.935351849,1,7.249215126,0.015406051,0.915531337,0,1,0
7.930565834,0,NA,3.465735912,2.525728703,7.242939472,0,7.249215126,0.015406051,0.915531337,0,1,0
5.370637894,0,NA,1.609437943,-0.693147182,4.804020882,1,7.949091434,0.015379307,0.946223319,0,0,0
4.68213129,0,NA,0,0.405465096,4.025351524,0,7.949091434,0.015379307,0.946223319,0,0,0
7.883823395,0,NA,3.931825638,2.740839958,7.642524242,0,7.949091434,0.015379307,0.946223319,0,0,0
4.174387455,0,NA,0,0.405465096,3.433987141,0,7.949091434,0.015379307,0.946223319,0,0,0
7.025538445,0,NA,2.890371799,2.9704144,6.652863026,0,7.949091434,0.015379307,0.946223319,0,0,0
8.929965019,0,NA,4.094344616,-0.693147182,7.744904518,1,9.066007614,0.038861144,0.930057645,0,1,0
9.640108109,0,NA,3.68887949,-0.693147182,9.443918228,1,9.066007614,0.038861144,0.930057645,0,1,0
7.2406497,0,NA,2.302585125,-0.693147182,7.106573582,1,7.162397385,0.038838759,0.979186356,0,1,0
6.995766163,0,NA,NA,-0.693147182,NA,1,7.193686008,0.038838759,0.973661125,0,1,0
8.846496582,0,NA,3.850147486,-0.693147182,8.375896454,1,7.724004745,0.038859263,0.983839929,0,1,0
9.961756706,0,NA,4.276666164,-0.693147182,9.038443565,1,8.565220833,0.038873088,0.980395615,0,1,0
9.596282959,0,NA,NA,-0.693147182,NA,1,8.565220833,0.038873088,0.980395615,0,1,0
6.363028049,0,NA,2.197224617,-0.693147182,5.322368622,1,8.565220833,0.038873088,0.980395615,0,1,0
8.546557426,0,NA,2.995732307,-0.693147182,7.79427433,1,8.566555023,0.038840782,0.964365244,0,1,0
9.415727615,0,NA,3.951243639,-0.693147182,8.763241768,1,8.566555023,0.038840782,0.964365244,0,1,0
8.466320992,0,NA,3.258096457,-0.693147182,7.864094257,1,7.687997341,0.006868867,0.975821674,0,1,0
7.333023071,0,NA,2.302585125,-0.693147182,7.175472736,1,7.956827164,0.038849678,0.975688219,0,1,0
7.738052368,0,NA,2.302585125,-0.693147182,6.990599632,1,7.50494194,0.001029715,0.970976233,0,1,0
8.397508621,0,NA,3.988984108,2.014903069,8.050703049,0,9.866512299,0.00109526,0.814341724,1,0,0
10.825243,0,NA,5.075173855,5.0782938,10.5296669,0,9.866512299,0.00109526,0.814341724,1,0,0
8.496990204,0,NA,5.298317432,-0.693147182,7.972465992,1,9.866512299,0.00109526,0.814341724,1,0,0
6.896694183,0,NA,0.693147182,0.91629076,6.343880653,0,9.866512299,0.00109526,0.814341724,1,0,0
8.517192841,0,NA,2.708050251,-0.693147182,7.625595093,1,9.866512299,0.00109526,0.814341724,1,0,0
7.807916641,0,NA,2.708050251,2.740839958,7.28619194,0,8.877940178,0.001092925,0.62713629,1,0,0
7.207859993,0,NA,2.639057398,-0.693147182,6.551080227,1,8.877940178,0.001092925,0.62713629,1,0,0
5.552959442,0,NA,0,0.405465096,5.192956924,0,8.877940178,0.001092925,0.62713629,1,0,0
7.950150013,0,-0.540000021,2.995732307,1.504077435,8.073091507,0,10.75890255,2.52E-04,0.70448494,1,0,0
6.684611797,0,-0.540000021,2.079441547,-0.693147182,6.26720047,1,10.75890255,2.52E-04,0.70448494,1,0,0
8.874867439,0,-0.540000021,3.178053856,-0.693147182,7.670894623,1,10.75890255,2.52E-04,0.70448494,1,0,0
11.47610569,0,-0.540000021,5.187386036,4.629862785,10.82077789,0,10.75890255,2.52E-04,0.70448494,1,0,0
10.0290184,0,-0.540000021,4.110873699,4.61015749,9.776392937,0,10.75890255,2.52E-04,0.70448494,1,0,0
8.411832809,0,-0.540000021,1.791759491,-0.693147182,8.006367683,1,10.75890255,2.52E-04,0.70448494,1,0,0
8.950273514,0,-0.540000021,3.258096457,3.068053007,7.863266945,0,10.75890255,2.52E-04,0.70448494,1,0,0
7.313220501,0,-0.540000021,3.988984108,-0.693147182,6.497050285,1,10.75890255,2.52E-04,0.70448494,1,1,0
10.44871426,0,-0.540000021,4.499809742,4.412798405,9.90897274,0,10.75890255,2.52E-04,0.70448494,1,0,0
6.726233482,0,NA,0,0.405465096,6.234410763,0,8.817149162,0.055977035,0.440157473,1,0,0
5.583496094,0,NA,0,-0.693147182,5.010635376,1,8.817149162,0.055977035,0.440157473,1,0,0
6.959398746,0,NA,1.098612309,1.252762914,6.739336491,0,6.733401775,0.055953585,0.12618725,1,0,0
7.313220501,0,NA,2.639057398,2.525728703,6.907755375,0,7.325149059,0.055953585,0.409993589,1,0,0
6.551080227,0,NA,1.098612309,-0.693147182,3.951243639,1,7.325149059,0.055953585,0.409993589,1,0,0
7.433666706,0,NA,2.197224617,2.251291752,6.684611797,0,7.325149059,0.055953585,0.409993589,1,0,0
7.095893383,0,NA,3.401197433,2.140066147,6.805722713,0,6.915723324,0.063314311,0.30660376,1,0,0
4.62497282,0,NA,0,-0.693147182,4.060442924,1,7.636752129,0.001090891,0.374741197,1,0,0
7.955775738,0,NA,2.564949274,2.251291752,7.649692535,0,7.636752129,0.001090891,0.374741197,1,0,0
8.553524971,0,NA,3.135494232,2.740839958,8.066207886,0,8.528923988,0.033496596,0.845722616,0,0,0
6.011267185,0,NA,1.386294365,-0.693147182,5.337538242,1,8.528923988,0.033496596,0.845722616,0,0,0
7.887208462,0,NA,3.218875885,3.020424843,7.333023071,0,8.528923988,0.033496596,0.845722616,0,0,0
8.294049263,0,NA,2.197224617,2.014903069,7.783224106,0,7.617759705,0.033496596,0.505121291,0,0,0
8.953123093,0,NA,3.931825638,3.27714467,8.455317497,0,7.766417027,0.033513319,0.940008819,0,0,0
6.093569756,0,NA,2.197224617,-0.693147182,5.192956924,1,7.766417027,0.033513319,0.940008819,0,0,0
3.912023067,0,NA,0,0.405465096,3.218875885,0,7.766417027,0.033513319,0.940008819,0,0,0
8.79300499,0,0.102564104,3.33220458,2.525728703,8.48673439,0,7.323830605,0.033513319,0.822969556,0,0,0
6.24804306,0,0.102564104,2.079441547,-0.693147182,5.56068182,1,7.323830605,0.033513319,0.822969556,0,0,0
8.008365631,0,0.125,3.555348158,3.27714467,7.313220501,0,7.090076923,0.033513319,0.7134884,0,0,0
5.808142662,0,0.125,1.098612309,-0.693147182,5.010635376,1,7.090076923,0.033513319,0.7134884,0,0,0
8.026169777,0,NA,2.890371799,2.44234705,7.812782764,0,6.739336491,0,0.216894984,1,0,0
7.660114288,0,NA,2.944438934,2.140066147,7.27931881,0,7.14598465,0,0.205561072,1,0,0
7.892825603,0,NA,3.68887949,2.740839958,7.134395123,0,7.477604389,0,0.357572705,1,1,0
6.335054398,0,NA,1.098612309,-0.693147182,5.731014252,1,7.477604389,0,0.357572705,1,1,0
8.099858284,0,NA,3.401197433,2.862200975,7.571473598,0,7.037027836,0,0.361296475,1,0,0
6.210599899,0,NA,1.609437943,-0.693147182,5.463831902,1,7.037027836,0,0.361296475,1,0,0
4.174387455,0,NA,0,-0.693147182,3.295836926,1,6.870053291,0,0.273012549,1,0,0
7.817222595,0,NA,3.367295742,2.67414856,7.227662563,0,6.870053291,0,0.273012549,1,0,0
6.483107567,0,NA,0.693147182,0.91629076,6.280395985,0,9.032528877,0.010807082,0.440746635,1,0,0
5.181783676,0,NA,0,0.405465096,4.276666164,0,9.032528877,0.010807082,0.440746635,1,0,0
8.264105797,0,NA,3.091042519,3.238678455,7.613818645,0,9.032528877,0.010807082,0.440746635,1,0,0
8.843182564,0,NA,2.639057398,2.014903069,8.528923988,0,9.032528877,0.010807082,0.440746635,1,0,0
8.294049263,0,NA,2.197224617,-0.693147182,4.941642284,1,9.032528877,0.010807082,0.440746635,1,0,0
8.588582993,0,NA,4.465908051,2.351375341,8.19616127,0,8.265649796,0.010829158,0.240283683,1,0,0
6.104793072,0,NA,2.833213329,0.91629076,5.846438885,0,8.265649796,0.010829158,0.240283683,1,0,0
6.419994831,0,NA,3.433987141,1.871802211,6.335054398,0,8.265649796,0.010829158,0.240283683,1,0,0
7.835974693,0,NA,3.218875885,-0.693147182,7.313220501,1,8.806424141,0.010803853,0.596028864,1,0,0
7.222566128,0,NA,2.079441547,2.140066147,6.659294128,0,8.806424141,0.010803853,0.596028864,1,0,0
7.001245499,0,NA,2.302585125,2.351375341,6.214608192,0,8.806424141,0.010803853,0.596028864,1,0,0
4.912654877,0,NA,0.693147182,0.405465096,3.68887949,0,7.757906437,0.017674005,0.419196874,1,0,0
7.219642162,0,NA,2.079441547,1.704748034,6.756932259,0,7.757906437,0.017674005,0.419196874,1,0,0
6.946976185,0,NA,2.708050251,3.113515377,6.436150551,0,7.460490227,0.017674005,0.431233943,1,0,0
6.684611797,0,NA,1.098612309,-0.693147182,6.396929741,1,7.823646069,0.017683515,0.705805898,1,0,0
5.010635376,0,NA,0.693147182,0.91629076,5.402677536,0,7.823646069,0.017683515,0.705805898,1,0,0
7.625595093,0,NA,3.044522524,2.525728703,6.779922009,0,7.823646069,0.017683515,0.705805898,1,0,0
5.225746632,0,NA,0.693147182,-0.693147182,4.941642284,1,7.181591988,0.017683515,0.272801965,1,0,0
9.17740345,0,NA,2.890371799,2.67414856,8.987196922,0,7.181591988,0.017683515,0.272801965,1,0,0
7.106606007,0,NA,1.386294365,0.91629076,6.752270222,0,6.976347923,0.017707363,0.341712505,1,0,0
6.633318424,0,NA,1.098612309,-0.693147182,6.396929741,1,6.965080261,0.017707363,0.783676684,1,0,0
9.305650711,0,NA,4.990432739,3.921973228,9.014325142,0,6.965080261,0.017707363,0.783676684,1,0,0
9.019180298,0,NA,4.356709003,4.051784992,8.699514389,0,6.711740494,0.017707363,0.75522387,1,0,0
10.16585159,0,NA,4.955827236,3.860729694,9.830916405,0,6.5206213,0.017707363,0.797979772,1,0,0
7.176254749,0,NA,5.225746632,-0.693147182,6.350885868,1,7.780303001,0.005183137,0.362959892,1,0,0
5.111987591,0,NA,0.693147182,0.405465096,4.043051243,0,7.780303001,0.005183137,0.362959892,1,0,0
6.079933167,0,NA,0.693147182,-0.693147182,5.762051582,1,7.780303001,0.005183137,0.362959892,1,0,0
8.349484444,0,NA,4.174387455,2.44234705,8.225234985,0,7.780303001,0.005183137,0.362959892,1,0,0
7.853992939,0,NA,3.218875885,2.44234705,7.02820158,0,7.497761726,0.005183137,0.489438742,1,0,0
8.575462341,0,NA,5.857933044,-0.693147182,6.745236397,1,7.625107288,0.005183137,0.41990456,1,0,0
8.600614548,0,NA,3.637586117,2.525728703,7.942362309,0,7.625107288,0.005183137,0.41990456,1,0,0
8.240120888,0,NA,2.708050251,2.67414856,7.863266945,0,7.770645142,0.008605235,0.261825144,1,0,0
4.736198425,0,NA,0,-0.693147182,4.110873699,1,7.770645142,0.008605235,0.261825144,1,0,0
11.53878784,0,NA,6.472346306,5.195730686,11.1364851,0,7.850103378,0.008605235,0.752353668,1,0,0
5.438079357,0,NA,0,-0.693147182,4.85981226,1,7.850103378,0.008605235,0.752353668,1,0,0
5.247024059,0,NA,0,-0.693147182,4.499809742,1,7.0475173,0.008605235,0.720030963,1,0,0
7.965545654,0,NA,3.526360512,2.44234705,6.846942902,0,7.0475173,0.008605235,0.720030963,1,0,0
8.105005264,0,NA,2.708050251,2.351375341,7.560080528,0,6.714170456,0.008605235,0.186358094,1,0,0
8.23747921,0,NA,3.526360512,1.871802211,7.585788727,0,7.642524242,0.010891205,0.09867578,1,0,0
7.313220501,0,NA,2.833213329,2.140066147,6.309918404,0,7.642524242,0.010891205,0.09867578,1,0,0
7.937374592,0,NA,2.302585125,2.351375341,7.714231014,0,6.947937012,0.010891205,0.206926405,1,0,0
10.30895233,0,NA,4.025351524,3.540959358,9.998797417,0,6.947937012,0.010891205,0.206926405,1,0,0
8.831711769,0,NA,4.094344616,-0.693147182,8.365206718,1,7.540090084,0.041158408,0.101798855,1,0,0
8.633018494,0,NA,2.833213329,2.140066147,8.411832809,0,6.489204884,0.041158408,0.234009355,1,0,0
9.907230377,0,NA,3.828641415,3.19867301,9.214033127,0,7.20340538,0.034866489,0.128445432,1,0,0
7.783224106,0,NA,3.178053856,3.19867301,6.684611797,0,7.20340538,0.034866489,0.128445432,1,0,0
8.416931152,0,NA,2.484906673,2.525728703,7.625595093,0,6.860663891,0.034866489,0.344924808,1,0,0
8.137395859,0,NA,3.367295742,3.384390354,6.866933346,0,6.436150551,0.034866489,0.202816904,1,0,0
9.442721367,0,NA,4.488636494,4.494238853,9.239899635,0,7.684783936,0.086691089,0.618401945,1,0,0
10.04381466,0,NA,4.969813347,4.283586502,9.644975662,0,7.684783936,0.086691089,0.618401945,1,0,0
7.851661205,0,NA,3.970291853,3.97968173,7.563719749,0,7.163946629,0.086691089,0.124585815,1,0,0
8.496990204,0,NA,3.135494232,3.34990406,8.131530762,0,6.672032833,0.086691089,0.126715943,1,0,0
8.113426208,0,NA,3.178053856,3.19867301,7.707961559,0,7.910223484,0.111902453,0.141120866,1,0,0
7.315883636,0,NA,1.791759491,1.252762914,6.910750866,0,7.910223484,0.111902453,0.141120866,1,0,0
8.039156914,0,NA,2.708050251,2.140066147,7.673223019,0,7.462214947,0.111902453,0.207416713,1,0,0
7.901007175,0,NA,2.639057398,2.44234705,7.408530712,0,7.462214947,0.111902453,0.207416713,1,0,0
8.011686325,0,NA,2.708050251,1.504077435,6.84375,0,6.109247684,0.111902453,0.941373527,1,0,0
7.352441311,0,NA,2.484906673,0.91629076,6.413458824,0,9.679843903,0.111884713,0.192916632,1,0,0
7.570443153,0,NA,3.33220458,3.113515377,6.327936649,0,9.679843903,0.111884713,0.192916632,1,0,0
11.36681271,0,NA,4.454347134,4.46014452,10.62044907,0,7.88795948,0.111884713,0.427731514,1,0,0
7.673223019,0,NA,2.995732307,3.020424843,6.966024399,0,8.144968987,0.016102351,0.265607595,1,0,0
11.08974457,0,NA,5.351858139,4.72295332,10.90742302,0,8.144968987,0.016102351,0.265607595,1,0,0
8.131530762,0,NA,2.708050251,1.871802211,7.432483673,0,6.357842445,0.016102351,0.246913582,1,0,0
8.881835938,0,NA,3.526360512,2.862200975,8.476370811,0,7.352441311,0.111905485,0.208430916,1,0,0
11.11840057,0,NA,4.442651272,4.10264349,10.83958054,0,7.420578957,0.111905485,0.499157786,1,0,0
8.756210327,0,NA,4.219507694,3.238678455,8.06463623,0,7.420578957,0.111905485,0.499157786,1,0,0
10.27849388,0,NA,3.828641415,3.34990406,9.841611862,0,6.467698574,0.111905485,0.447136551,1,0,0
8.006367683,0,NA,3.583518982,3.068053007,7.539027214,0,8.027476311,0.068920612,0.545973718,1,0,0
6.919683933,0,NA,0.693147182,-0.693147182,6.226536751,1,7.461065292,0.068920612,0.638777554,1,0,0
10.32875538,0,NA,4.64439106,4.47163868,10.17221642,0,7.461065292,0.068920612,0.638777554,1,0,0
11.30020237,0,NA,6.46146822,4.600157738,11.15880394,0,8.202208519,0.06892249,0.657496572,1,0,0
8.055157661,0,NA,2.708050251,2.602689743,7.584773064,0,6.926577091,0.06892249,0.403415143,1,0,0
10.70324421,0,NA,5.537334442,4.740574837,10.30895233,0,7.090909958,0.06892249,0.863636374,1,0,0
9.635607719,0,NA,3.583518982,-0.693147182,9.200493813,1,8.1414814,0.009132154,0.206327379,1,1,0
8.049746513,0,NA,2.302585125,2.740839958,7.696212769,0,7.501634598,0.048214935,0.438781172,1,0,0
9.424564362,0,NA,3.044522524,2.917770624,8.921056747,0,7.501634598,0.048214935,0.438781172,1,0,0
7.37775898,0,NA,2.079441547,2.140066147,6.396929741,0,7.29029274,0.048214935,0.406139314,1,0,0
7.560080528,0,NA,2.484906673,1.871802211,7.313220501,0,7.095064163,0.048214935,0.642801583,1,0,0
7.200424671,0,NA,1.609437943,-0.693147182,6.46492672,1,8.935640335,0.025881087,0.414677739,1,1,0
11.55310726,0,NA,5.993961334,4.840242386,10.82329845,0,8.935640335,0.025881087,0.414677739,1,1,0
8.070905685,0,NA,4.094344616,3.921973228,7.673223019,0,8.627840042,0.025881087,0.607319295,1,0,0
7.863266945,0,NA,2.079441547,0.405465096,7.495542049,0,8.627840042,0.025881087,0.607319295,1,0,0
11.20231628,0,NA,5.568344593,5.150397301,10.91508865,0,8.627840042,0.025881087,0.607319295,1,0,0
7.130898952,0,NA,1.386294365,-0.693147182,6.802394867,1,8.627840042,0.025881087,0.607319295,1,0,0
7.696212769,0,NA,3.583518982,3.597312212,7.346010208,0,6.966024399,0.025881087,0.309929788,1,0,0
7.130898952,0,NA,2.302585125,1.504077435,6.813444614,0,7.135687351,0.025881087,0.621599972,1,0,0
7.640123367,0,NA,3.295836926,3.113515377,7.313220501,0,7.135687351,0.025881087,0.621599972,1,0,0
7.710653305,0,NA,1.791759491,1.252762914,7.621195316,0,6.709304333,0.025881087,0.758373201,1,0,0
11.26605225,0,NA,4.820281506,4.388257027,11.08521461,0,6.824373722,0.025881087,0.85744679,1,0,0
12.31228256,0,NA,5.886104107,5.349485874,11.89761639,0,8.906122208,0.064014688,0.730261445,1,0,0
9.492506981,0,NA,3.931825638,3.817712307,9.104979515,0,8.906122208,0.064014688,0.730261445,1,0,0
6.97166872,0,NA,1.791759491,-0.693147182,6.551080227,1,8.906122208,0.064014688,0.730261445,1,0,0
7.590852261,0,NA,4.043051243,4.051784992,6.956545353,0,7.190676212,0.064014688,0.068666667,1,0,0
8.272826195,0,NA,3.526360512,3.113515377,7.928766251,0,7.868254185,0.064014688,0.842692733,1,0,0
11.84939766,0,NA,5.811141014,5.223054886,11.53923607,0,7.868254185,0.064014688,0.842692733,1,0,0
8.918650627,0,NA,2.484906673,1.871802211,8.513185501,0,7.209340096,0.064014688,0.37811321,1,0,0
8.294049263,0,NA,4.094344616,3.417726755,7.925880432,0,7.209340096,0.064014688,0.37811321,1,0,0
8.732304573,0,NA,4.564348221,4.424846649,8.37816143,0,7.273786545,0.064014688,0.542664647,1,0,0
8.513185501,0,NA,3.091042519,2.251291752,8.357024193,0,7.273786545,0.064014688,0.542664647,1,0,0
8.96763134,0,NA,3.951243639,3.650658131,8.75778389,0,8.296546936,0.041164305,0.225371435,1,0,0
9.798127174,0,NA,3.988984108,3.314186096,9.385972977,0,8.296546936,0.041164305,0.225371435,1,0,0
7.640123367,0,NA,2.995732307,2.251291752,7.37775898,0,7.422373772,0.041164305,0.080961727,1,0,0
10.95094681,0,NA,4.753590107,4.61015749,10.70978451,0,8.147867203,0.041164305,0.727436841,1,0,0
9.635607719,0,NA,4.025351524,4.483002663,9.137769699,0,8.147867203,0.041164305,0.727436841,1,0,0
7.467370987,0,NA,1.609437943,-0.693147182,7.154615402,1,8.147867203,0.041164305,0.727436841,1,0,0
7.371489525,0,NA,1.791759491,1.252762914,6.97166872,0,7.548555851,0.041164305,0.413213879,1,0,0
9.69892025,0,NA,4.969813347,4.629862785,9.315960884,0,7.548555851,0.041164305,0.413213879,1,0,0
7.883823395,0,NA,2.639057398,-0.693147182,7.466173649,1,7.800572872,0.041195285,0.465486735,1,1,0
11.12165928,0,NA,4.60517025,-0.693147182,10.15757084,1,7.800572872,0.041195285,0.465486735,1,1,0
12.14450073,0,NA,7.068171978,5.17332077,11.49488354,0,8.166784286,0.008625951,0.570708752,1,0,0
9.779057503,0,NA,4.828313828,3.701302052,8.853665352,0,7.814399719,0.008625951,0.350813746,1,0,0
7.914982796,0,NA,5.075173855,-0.693147182,6.340359211,1,7.814399719,0.008625951,0.350813746,1,0,0
6.214608192,0,NA,1.386294365,-0.693147182,5.857933044,1,7.814399719,0.008625951,0.350813746,1,0,0
9.644133568,0,NA,4.905274868,4.051784992,9.214332581,0,7.451241493,0.008625951,0.431066185,1,0,0
5.568344593,0,NA,0,-0.693147182,4.787491798,1,7.451241493,0.008625951,0.431066185,1,0,0
5.828945637,0,NA,1.609437943,1.252762914,4.84418726,0,7.451241493,0.008625951,0.431066185,1,0,0
7.336936951,0,NA,4.653960228,-0.693147182,5.758901596,1,7.451241493,0.008625951,0.431066185,1,0,0
9.815748215,0,NA,5.513428688,3.960813284,8.796339035,0,6.327936649,0.008625951,0.899022818,1,0,0
7.801800251,0,NA,4.553876877,-0.693147182,6.659294128,1,7.733683586,0.008634489,0.388240367,1,0,0
9.409683228,0,NA,4.553876877,2.803360462,8.952217102,0,7.733683586,0.008634489,0.388240367,1,0,0
6.5206213,0,NA,1.945910096,-0.693147182,5.627621174,1,7.733683586,0.008634489,0.388240367,1,0,0
5.963579178,0,NA,0,0.405465096,4.99721241,0,7.733683586,0.008634489,0.388240367,1,0,0
10.61408138,0,NA,6.220590115,4.350277901,10.29512405,0,7.860570908,0.008634489,0.319755614,1,0,0
5.52146101,0,NA,1.386294365,1.252762914,4.584967613,0,7.860570908,0.008634489,0.319755614,1,0,0
8.115221977,0,NA,5.049856186,-0.693147182,7.495542049,1,7.860570908,0.008634489,0.319755614,1,0,0
5.703782558,0,NA,0.693147182,-0.693147182,4.941642284,1,7.860570908,0.008634489,0.319755614,1,0,0
10.05813789,0,NA,5.225746632,3.817712307,10.00559235,0,7.418780804,0.008634489,0.417640179,1,0,0
10.52134514,0,NA,5.733341217,3.921973228,10.06467056,0,6.927557945,0.008634489,0.739173234,1,0,0
8.185907364,0,NA,3.178053856,2.44234705,7.448915958,0,6.688354492,0.008634489,0.401324511,1,0,0
8.188689232,0,NA,3.295836926,2.602689743,7.965545654,0,6.779922009,0.008634489,0.272177428,1,0,0
10.34868622,0,NA,5.438079357,3.941581726,9.933531761,0,7.517520905,0.005154062,0.446567178,1,0,0
6.466144562,0,NA,1.791759491,1.871802211,5.736572266,0,7.517520905,0.005154062,0.446567178,1,0,0
7.683864117,0,NA,5.087596416,-0.693147182,6.100318909,1,7.517520905,0.005154062,0.446567178,1,0,0
6.850126266,0,NA,1.386294365,0.91629076,6.563855648,0,7.281385899,0.005154062,0.305812418,1,0,0
5.411645889,0,NA,1.386294365,-0.693147182,5.135798454,1,7.281385899,0.005154062,0.305812418,1,0,0
6.555356979,0,NA,1.609437943,1.252762914,6.291569233,0,6.731018066,0.005154062,0.4135876,1,0,0
7.47986412,0,NA,2.708050251,1.252762914,7.28619194,0,6.731018066,0.005154062,0.4135876,1,0,0
8.794067383,0,NA,2.564949274,2.44234705,8.535033226,0,6.066108227,0.005154062,0.50497514,1,0,0
7.536897182,0,NA,2.397895336,2.251291752,6.765038967,0,5.746203423,0.005154062,0.585014403,1,0,0
4.564348221,0,NA,1.098612309,0.91629076,3.68887949,0,8.465057373,0.005938201,0.588654757,1,0,0
5.736572266,0,NA,1.609437943,1.871802211,5.298317432,0,8.465057373,0.005938201,0.588654757,1,0,0
6.927557945,0,NA,1.791759491,-0.693147182,6.565265179,1,8.465057373,0.005938201,0.588654757,1,0,0
7.522941113,0,NA,2.484906673,2.014903069,7.207859993,0,8.465057373,0.005938201,0.588654757,1,0,0
5.384495258,0,NA,1.098612309,-0.693147182,4.787491798,1,7.286876202,0.005942641,0.169491529,1,0,0
7.666222095,0,NA,2.484906673,2.140066147,7.347299576,0,7.286876202,0.005942641,0.169491529,1,0,0
5.703782558,0,NA,0.693147182,-0.693147182,5.010635376,1,7.598399162,0.005942641,0.390406787,1,0,0
9.596622467,0,NA,5.075173855,3.921973228,9.296242714,0,7.598399162,0.005942641,0.390406787,1,0,0
7.620705128,0,NA,2.197224617,2.251291752,7.215240002,0,6.898714542,0.005942641,0.118899733,1,0,0
8.229511261,0,NA,3.135494232,2.140066147,7.82564497,0,6.222576141,0.005942641,0.655462205,1,0,0
8.554681778,0,NA,4.174387455,3.113515377,8.334231377,0,6.401916981,0.005942641,0.390476197,1,0,0
9.047821045,0,NA,3.951243639,3.597312212,7.649692535,0,7.195187092,0.019938102,0.020394737,1,0,0
7.313220501,0,NA,2.564949274,1.871802211,6.214608192,0,7.195187092,0.019938102,0.020394737,1,0,0
7.512071133,0,NA,2.890371799,2.251291752,7.226935863,0,6.577861309,0.019938102,0.33900708,1,0,0
8.82981205,0,NA,3.988984108,3.020424843,8.557183266,0,6.315358162,0.019938102,0.17494601,1,0,0
7.908387184,0,NA,2.890371799,1.871802211,7.37775898,0,7.387090206,0.029610068,0.184647307,1,0,0
8.824677467,0,NA,3.828641415,3.068053007,8.575462341,0,6.630683422,0.029610068,0.259931892,1,0,0
8.974617958,0,NA,3.663561583,2.862200975,8.433811188,0,6.933423042,0.030049611,0.365853667,1,0,0
7.37775898,0,NA,2.890371799,2.602689743,7.0475173,0,6.933423042,0.030049611,0.365853667,1,0,0
7.700747967,0,NA,2.995732307,1.871802211,7.215240002,0,6.710523129,0.030049611,0.217329547,1,0,0
10.67405891,0.091652043,0.333333343,4.532599449,4.537961483,10.31190586,0,11.93902969,0.001115378,0.953132153,0,1,1
14.40549374,0.091652043,0.333333343,7.935229301,7.743919849,13.81207561,0,11.93902969,0.001115378,0.953132153,0,1,1
14.44138527,0.091652043,0.333333343,8.534049988,7.93325901,14.26491261,0,11.93902969,0.001115378,0.953132153,0,1,1
13.92031193,0.091652043,0.333333343,7.648262978,7.510156631,13.59962749,0,11.93902969,0.001115378,0.953132153,0,1,1
8.353261948,0.079863891,0.781818211,4.127134323,4.10264349,8.164377213,0,8.881835938,0.121791445,0.941162765,0,1,0
6.81454277,0.079863891,0.781818211,1.791759491,1.871802211,5.974727631,0,8.881835938,0.121791445,0.941162765,0,1,0
8.218787193,0.079863891,0.781818211,1.945910096,-0.693147182,7.648825169,1,8.881835938,0.121791445,0.941162765,0,1,0
9.462265968,0.079863891,0.781818211,4.262680054,3.725693464,9.034005165,0,8.881835938,0.121791445,0.941162765,0,1,0
8.803874969,0.132116467,0.820276499,3.828641415,3.113515377,7.932937622,0,7.902487278,0.121791445,0.975789487,0,1,0
7.911690712,0,0.383116871,3.465735912,3.19867301,7.549715042,0,7.629004002,0.092591159,0.983770311,0,1,0
8.931419373,0,0.383116871,3.367295742,3.384390354,9.166702271,0,7.629004002,0.092591159,0.983770311,0,1,0
6.937314034,0.038327526,0.351851851,1.386294365,-0.693147182,6.247272491,1,8.215547562,0.140445903,0.971333802,0,1,0
9.325452805,0,0.166666672,3.951243639,3.540959358,8.636901855,0,8.254528999,0.196651444,0.978024423,0,1,0
9.38117981,0,0.75,4.110873699,3.676300764,8.535204887,0,7.992944717,0.196651444,0.97604996,0,1,0
11.87201881,0,0.784375012,5.575949192,5.206750393,11.44786167,0,7.8950634,0.196651444,0.970352292,0,1,1
10.07162571,0.088414632,0.75999999,6.163314819,4.10264349,9.25850296,0,7.507689953,0.033947881,0.978201628,0,1,0
10.85753632,0,NA,5.446737289,4.600157738,10.24276257,0,7.707062721,0.07107076,0.98694706,0,1,0
8.730852127,0,0.565217376,3.850147486,3.795489073,8.476902008,0,6.944087029,0.07107076,0.969765663,0,1,0
7.853992939,0,0.565217376,3.465735912,2.917770624,7.392510891,0,6.944087029,0.07107076,0.969765663,0,1,0
10.19451427,0.063360885,0.846153855,3.663561583,3.676300764,9.646490097,0,7.206377506,0.188080102,0.990410209,0,1,0
9.116029739,0,NA,4.382026672,3.839452267,8.154669762,0,7.062191486,0.188080102,0.991251111,0,1,0
11.54186249,0,0.357142866,6.769641876,5.065754414,11.11550808,0,8.150756836,0.094589733,0.992776036,1,1,0
9.568714142,0,0.357142866,4.564348221,4.494238853,9.051760674,0,8.150756836,0.094589733,0.992776036,1,1,0
10.91468811,0,NA,4.634728909,4.639571667,10.95605659,0,6.87212801,0.094589733,0.998125613,1,1,0
11.24437904,0,0.884000003,5.318120003,4.590056419,10.68520451,0,8.107720375,0.095617533,0.992235601,0,1,1
9.482654572,0,0.884000003,4.158883095,4.166665077,8.177190781,0,8.107720375,0.095617533,0.992235601,0,1,1
8.17723465,0,NA,2.995732307,1.252762914,7.091014862,0,7.473637104,0.095617533,0.982210219,0,1,0
8.489822388,0,NA,3.76120019,3.772760868,8.637354851,0,7.473637104,0.095617533,0.982210219,0,1,0
12.71505642,0,0.600000024,6.068425655,6.069582462,12.67806625,0,9.79712677,0,0.954613447,0,1,1
11.71178436,0,0.600000024,5.605802059,4.749270439,11.56473827,0,9.79712677,0,0.954613447,0,1,1
10.38390541,0,0.600000024,4.406719208,4.412798405,10.47202206,0,9.79712677,0,0.954613447,0,1,1
12.13171577,0,0.600000024,6.48768425,5.712081432,12.03754234,0,9.79712677,0,0.954613447,0,1,1
9.883284569,0,0.600000024,5.198496819,-0.693147182,9.80200386,1,9.79712677,0,0.954613447,0,1,1
8.142354012,0.023702756,NA,3.33220458,1.704748034,7.868074417,0,8.474286079,0.177558348,0.963789463,0,1,0
6.551080227,0.023702756,NA,NA,2.351375341,NA,0,8.474286079,0.177558348,0.963789463,0,1,0
8.663714409,0.012823615,0.649999976,3.555348158,3.19867301,8.375763893,0,9.242711067,0.218218938,0.97265017,0,1,1
12.52902508,0.012823615,0.649999976,7.199678421,5.562602997,11.74776268,0,9.242711067,0.218218938,0.97265017,0,1,1
10.79659176,0.012823615,0.649999976,5.451038361,5.156177521,10.32661533,0,9.242711067,0.218218938,0.97265017,0,1,1
10.43942547,0,0.429500014,4.584967613,3.51154542,10.297019,0,8.31923008,0.218218938,0.991349459,0,1,1
7.600902557,0,0.429500014,3.713572025,3.725693464,6.841978073,0,8.31923008,0.218218938,0.991349459,0,1,1
11.94324589,0,0.828571439,6.608000755,5.11499548,11.06095219,0,8.415382385,0.049144901,0.972227156,0,1,0
9.971426964,0,NA,4.290459633,3.676300764,9.700696945,0,7.520776272,0.049144901,0.991333663,0,1,0
9.910959244,0,0.707692325,5.723585129,3.624341011,9.469256401,0,7.015712261,0.049144901,0.9918167,0,1,0
11.75398731,0,0.777777791,5.683579922,5.239098072,10.97251797,0,8.227643013,0.037425406,0.985131919,0,1,1
10.0100975,0,0.725000024,4.532599449,4.283586502,9.261273384,0,7.476472378,0.037425406,0.990503728,0,1,1
8.358431816,0,0.857142866,3.401197433,2.740839958,7.872221947,0,7.828834534,0.129140973,0.994440794,0,1,1
8.709630013,0,0.492307693,1.791759491,-0.693147182,8.319895744,1,7.575584888,0.129140973,0.985576928,0,1,1
8.026169777,0,NA,3.33220458,2.917770624,7.0728302,0,7.185387135,0.129140973,0.995433807,0,1,0
6.940222263,0,NA,3.526360512,0.91629076,6.507277489,0,8.594154358,0.253630251,0.99443531,0,0,0
8.220133781,0,NA,5.313206196,2.014903069,7.82763958,0,8.594154358,0.253630251,0.99443531,0,0,0
6.380122662,0,NA,1.098612309,-0.693147182,6.186208725,1,8.594154358,0.253630251,0.99443531,0,0,0
7.818430424,0,NA,5.003946304,1.704748034,7.520776272,0,8.594154358,0.253630251,0.99443531,0,0,0
7.304515839,0,NA,3.76120019,1.504077435,7.019296646,0,8.594154358,0.253630251,0.99443531,0,0,0
4.521788597,0,NA,1.791759491,0.91629076,4.094344616,0,8.594154358,0.253630251,0.99443531,0,0,0
6.756932259,0,0.867021263,3.258096457,1.252762914,6.322565079,0,8.075893402,0.253630251,0.937584817,0,0,0
8.277412415,0,0.867021263,3.367295742,2.014903069,7.872074127,0,8.075893402,0.253630251,0.937584817,0,0,0
7.710653305,0,0.867021263,2.890371799,-0.693147182,7.305188179,1,8.075893402,0.253630251,0.937584817,0,0,0
6.507277489,0,0.17605634,1.098612309,-0.693147182,5.680172443,1,7.70841074,0.253630251,0.978215337,0,0,0
5.438079357,0,0.17605634,0.693147182,-0.693147182,4.700480461,1,7.70841074,0.253630251,0.978215337,0,0,0
11.5122757,0,0.17605634,6.570882797,5.102910519,11.21260357,0,7.70841074,0.253630251,0.978215337,0,0,0
5.886104107,0,NA,1.945910096,0.91629076,5.298317432,0,7.480992317,0.253630251,0.950495064,0,0,0
6.721425533,0,NA,0.693147182,-0.693147182,6.498281956,1,7.480992317,0.253630251,0.950495064,0,0,0
7.50549221,0,0.610294104,2.890371799,-0.693147182,7.300472736,1,8.046549797,0.166364655,0.963141024,0,0,0
9.02881813,0,0.610294104,4.382026672,3.901972771,8.772610664,0,8.046549797,0.166364655,0.963141024,0,0,0
7.08590126,0,0.610294104,3.401197433,0.91629076,6.795705795,0,8.046549797,0.166364655,0.963141024,0,0,0
9.925444603,0,0.610294104,5.752572536,4.269697666,9.837668419,0,8.046549797,0.166364655,0.963141024,0,0,0
5.645446777,0,NA,0.693147182,-0.693147182,5.062594891,1,7.543273449,0.166364655,0.947881162,0,0,0
9.152075768,0,NA,4.969813347,3.921973228,8.948845863,0,7.543273449,0.166364655,0.947881162,0,0,0
6.214608192,0,NA,0.693147182,-0.693147182,5.52146101,1,7.402451515,0.166364655,0.958833635,0,0,0
7.37775898,0,NA,3.68887949,2.140066147,7.092573643,0,7.402451515,0.166364655,0.958833635,0,0,0
5.010635376,0,0.571734488,1.386294365,-0.693147182,4.317488194,1,7.784473419,0.078893043,0.959242046,0,0,0
8.060855865,0,0.571734488,3.091042519,2.803360462,8.006367683,0,7.784473419,0.078893043,0.959242046,0,0,0
9.72495842,0,0.74666667,4.317488194,3.725693464,9.029777527,0,7.218176842,0.078893043,0.970627487,0,0,0
5.968707561,0,0.74666667,0.693147182,-0.693147182,5.272999763,1,7.218176842,0.078893043,0.970627487,0,0,0
9.130214691,0,NA,4.143134594,3.749504089,8.96916008,0,7.025538445,0.078893043,0.982361972,0,0,0
5.416100502,0,NA,1.098612309,-0.693147182,4.532599449,1,7.025538445,0.078893043,0.982361972,0,0,0
6.590301037,0,NA,0.693147182,0.91629076,5.407171726,0,7.69848299,0.226083457,0.954914987,0,0,0
6.733401775,0,NA,1.098612309,1.252762914,5.686975479,0,7.69848299,0.226083457,0.954914987,0,0,0
10.10928154,0,NA,4.700480461,4.424846649,9.677402496,0,7.69848299,0.226083457,0.954914987,0,0,0
6.579251289,0,NA,1.098612309,-0.693147182,5.686975479,1,7.69848299,0.226083457,0.954914987,0,0,0
5.857933044,0,0.230769232,2.564949274,-0.693147182,5.257495403,1,7.428333282,0.226083457,0.964444458,0,0,0
9.669598579,0,0.230769232,4.234106541,3.540959358,9.03121376,0,7.428333282,0.226083457,0.964444458,0,0,0
5.730099678,0,0.867549658,0,0.405465096,5.298317432,0,7.748028755,0.226083457,0.95916301,0,0,0
7.170119762,0,0.867549658,1.945910096,-0.693147182,6.551080227,1,7.748028755,0.226083457,0.95916301,0,0,0
9.134215355,0,0.867549658,4.060442924,3.839452267,8.556413651,0,7.748028755,0.226083457,0.95916301,0,0,0
8.608677864,0,NA,4.762174129,3.44998765,8.045588493,0,8.723231316,0.018480493,0.95452863,0,0,1
7.798933506,0,NA,2.302585125,-0.693147182,6.902742863,1,8.723231316,0.018480493,0.95452863,0,0,1
5.703782558,0,NA,3.401197433,0.91629076,4.787491798,0,8.723231316,0.018480493,0.95452863,0,0,1
10.11111164,0,NA,7.207859993,3.998200655,9.798127174,0,8.723231316,0.018480493,0.95452863,0,0,1
10.14882278,0,0.545454562,6.0330863,3.650658131,9.483434677,0,7.901007175,0.301942438,0.981180787,0,1,1
8.819369316,0.023831453,0.569818199,3.178053856,-0.693147182,7.397395611,1,9.239025116,0.099070534,0.951544702,0,1,1
9.882314682,0.023831453,0.569818199,4.276666164,3.238678455,9.843478203,0,9.239025116,0.099070534,0.951544702,0,1,1
6.984716415,0.023831453,0.569818199,2.833213329,2.862200975,6.050817966,0,9.239025116,0.099070534,0.951544702,0,1,1
7.438383579,0,NA,2.484906673,2.525728703,6.813444614,0,8.023551941,0.044899192,0.98502785,0,0,0
11.45152855,0,NA,5.874930859,5.566434383,11.10158348,0,8.023551941,0.044899192,0.98502785,0,0,0
7.212294579,0,NA,1.386294365,1.504077435,6.46146822,0,8.023551941,0.044899192,0.98502785,0,0,0
6.790097237,0,NA,1.609437943,-0.693147182,6.722378254,1,8.023551941,0.044899192,0.98502785,0,1,0
6.72503376,0,NA,1.098612309,-0.693147182,6.142037392,1,7.949091434,0.044899192,0.980704427,0,0,0
10.74731541,0,NA,6.234410763,5.096813202,10.5193491,0,7.949091434,0.044899192,0.980704427,0,0,0
6.26720047,0,NA,1.609437943,-0.693147182,4.700480461,1,7.949091434,0.044899192,0.980704427,0,0,0
5.662960529,0,NA,1.791759491,0.405465096,3.80666256,0,7.949091434,0.044899192,0.980704427,0,0,0
7.89469099,0,NA,3.784189701,3.113515377,7.570443153,0,7.436028004,0.044899192,0.980848849,0,0,0
6.326149464,0,NA,0,-0.693147182,5.590987206,1,7.436028004,0.044899192,0.980848849,0,0,0
6.576469421,0,NA,1.098612309,-0.693147182,6.345636368,1,7.716460705,0.044899192,0.982086897,0,0,0
11.08761978,0,NA,5.91350317,4.980175972,10.88440418,0,7.716460705,0.044899192,0.982086897,0,0,0
9.810275078,0,NA,5.54517746,3.901972771,9.797793388,0,6.941190243,0.044899192,0.958288789,0,0,0
6.224558353,0,NA,1.609437943,-0.693147182,5.90263319,1,8.594524384,0.280137151,0.972137272,0,0,0
12.10421753,0,NA,7.784473419,5.495116711,11.92029572,0,8.594524384,0.280137151,0.972137272,0,0,0
6.439350605,0,NA,2.079441547,0.91629076,5.755742073,0,8.594524384,0.280137151,0.972137272,0,0,0
7.638679981,0,NA,3.555348158,3.34990406,6.645091057,0,8.594524384,0.280137151,0.972137272,0,0,0
11.59427547,0,NA,6.025866032,3.34990406,11.21875572,0,8.594524384,0.280137151,0.972137272,0,0,0
8.880446434,0,NA,4.615120411,2.351375341,8.829079628,0,8.594524384,0.280137151,0.972137272,0,0,0
6.8731637,0,NA,1.386294365,-0.693147182,5.620400906,1,8.088869095,0.073230021,0.979340017,0,0,0
11.1808033,0,NA,5.991464615,4.135166645,10.4302845,0,8.088869095,0.073230021,0.979340017,0,0,0
7.930206299,0,NA,2.708050251,2.525728703,7.237059116,0,8.088869095,0.073230021,0.979340017,0,0,0
6.109247684,0,NA,1.386294365,-0.693147182,5.393627644,1,8.088869095,0.073230021,0.979340017,0,0,0
8.443116188,0,NA,2.944438934,1.871802211,7.522941113,0,7.467942238,0.073230021,0.992503285,0,0,0
10.47641468,0,NA,5.424950123,4.590056419,10.08580875,0,7.467942238,0.073230021,0.992503285,0,0,0
8.506132126,0,NA,4.110873699,3.676300764,7.863266945,0,7.467942238,0.073230021,0.992503285,0,0,0
5.236442089,0,NA,0.693147182,-0.693147182,4.60517025,1,7.467942238,0.073230021,0.992503285,0,0,0
8.240649223,0,NA,4.060442924,2.014903069,7.879291534,0,6.877295971,0.073230021,0.990867555,0,0,0
8.689127922,0,NA,4.025351524,3.020424843,8.24275589,0,6.65801096,0.071083285,0.845580399,1,0,0
6.907755375,0,NA,2.302585125,-0.693147182,6.802394867,1,6.65801096,0.071083285,0.845580399,1,0,0
7.644919395,0,NA,3.637586117,2.740839958,7.495542049,0,6.65801096,0.071083285,0.845580399,1,0,0
7.828834534,0,0.806666672,3.367295742,2.917770624,7.528331757,0,7.252053738,0.015283179,0.993027329,0,0,0
10.4435997,0,0.806666672,4.532599449,3.881563902,10.04237938,0,7.252053738,0.015283179,0.993027329,0,0,0
6.708084106,0,0.44520548,2.079441547,-0.693147182,5.934894085,1,8.62443161,0.015283179,0.978707552,0,0,1
7.979339123,0,0.44520548,3.610917807,1.871802211,6.938284397,0,8.62443161,0.015283179,0.978707552,0,0,1
10.67255402,0,0.44520548,5.476463318,5.228431225,10.61815166,0,8.62443161,0.015283179,0.978707552,0,0,1
12.80796528,0,0.44520548,7.851272106,5.566434383,12.45791626,0,8.62443161,0.015283179,0.978707552,0,0,1
7.824046135,0,NA,3.044522524,1.504077435,7.648739815,0,8.061171532,0.231288716,0.993614316,1,0,0
6.597145557,0,NA,2.197224617,0.91629076,5.886104107,0,8.061171532,0.231288716,0.993614316,1,0,0
7.224024773,0,NA,1.386294365,-0.693147182,6.458338261,1,8.061171532,0.231288716,0.993614316,1,0,0
6.684611797,0,NA,2.397895336,2.251291752,6.030685425,0,7.578145504,0.231288716,0.9978894,1,0,0
5.365975857,0,NA,0.693147182,-0.693147182,4.564348221,1,7.578145504,0.231288716,0.9978894,1,0,0
7.600902557,0,0.680000007,1.609437943,-0.693147182,6.214608192,1,8.439663887,0.037518702,0.990733564,1,0,0
7.299797535,0,0.680000007,2.302585125,1.504077435,7.130898952,0,8.439663887,0.037518702,0.990733564,1,0,0
6.551080227,0,0.680000007,1.386294365,1.704748034,5.192956924,0,8.439663887,0.037518702,0.990733564,1,0,0
8.070905685,0,0.680000007,1.609437943,1.252762914,7.600902557,0,8.439663887,0.037518702,0.990733564,1,0,0
7.87739706,0,NA,2.079441547,1.871802211,5.129898548,0,7.72001791,0.01247513,0.989302695,1,0,0
5.940171242,0,NA,0.693147182,-0.693147182,5.455321312,1,7.72001791,0.01247513,0.989302695,1,0,0
8.035926819,0,NA,3.526360512,2.351375341,7.600902557,0,8.091320992,0.037567161,0.98941797,1,0,0
5.170484066,0,NA,1.386294365,0.91629076,4.60517025,0,8.091320992,0.037567161,0.98941797,1,0,0
6.911747456,0,NA,2.484906673,1.504077435,6.139884472,0,8.091320992,0.037567161,0.98941797,1,0,0
6.272877216,0,NA,1.609437943,-0.693147182,5.768321037,1,8.091320992,0.037567161,0.98941797,1,0,0
7.204892635,0,0.212598428,3.367295742,1.871802211,5.961005211,0,9.823524475,0.042159636,0.962095857,1,0,0
9.271718025,0,0.212598428,4.262680054,3.44998765,8.821879387,0,9.823524475,0.042159636,0.962095857,1,0,0
6.801282883,0,0.212598428,3.496507645,1.252762914,6.579251289,0,9.823524475,0.042159636,0.962095857,1,0,0
9.427305222,0,0.212598428,5.298317432,2.917770624,8.740016937,0,9.823524475,0.042159636,0.962095857,1,0,0
7.863266945,0,0.212598428,2.77258873,-0.693147182,7.133296013,1,9.823524475,0.042159636,0.962095857,1,0,0
7.37775898,0,NA,0.693147182,0.91629076,6.907755375,0,7.696667194,0.042159636,0.993411422,1,0,0
9.337413788,0,NA,3.80666256,3.817712307,8.860782623,0,7.696667194,0.042159636,0.993411422,1,0,0
7.600902557,0,NA,1.386294365,1.504077435,7.244227409,0,7.696667194,0.042159636,0.993411422,1,0,0
6.008813381,0,NA,0.693147182,-0.693147182,5.043425083,1,7.556950569,0.042159636,0.97132796,1,0,0
7.09340477,0,NA,1.791759491,1.871802211,6.400257587,0,7.556950569,0.042159636,0.97132796,1,0,0
8.713911057,0,NA,2.397895336,2.44234705,8.502079964,0,7.556950569,0.042159636,0.97132796,1,0,0
10.19965839,0,0.75999999,5.820083141,4.25561285,9.704487801,0,8.108623505,0.018687455,0.968307853,1,0,0
6.659294128,0,0.75999999,1.098612309,-0.693147182,6.0730443,1,8.108623505,0.018687455,0.968307853,1,0,0
8.045588493,0,NA,2.77258873,1.704748034,5.648974419,0,7.880048275,0.354385495,0.965451062,0,0,0
7.365180016,0,NA,1.386294365,-0.693147182,5.393627644,1,7.880048275,0.354385495,0.965451062,0,0,0
8.780172348,0,NA,3.295836926,3.020424843,6.413458824,0,7.880048275,0.354385495,0.965451062,0,0,0
10.23995972,0.026225356,NA,5.298317432,4.46014452,9.862665176,0,7.929486752,0.048433993,0.960084558,0,0,0
7.731930733,0.026225356,NA,2.397895336,-0.693147182,7.021083832,1,7.929486752,0.048433993,0.960084558,0,0,0
6.419994831,0.026225356,NA,1.098612309,1.252762914,5.991464615,0,7.929486752,0.048433993,0.960084558,0,0,0
7.003065586,0.026225356,NA,2.639057398,2.44234705,6.465313911,0,7.929486752,0.048433993,0.960084558,0,1,0
4.317488194,0.026225356,NA,0.693147182,0.91629076,3.663561583,0,7.929486752,0.048433993,0.960084558,0,0,0
9.080231667,0.026225356,NA,3.044522524,2.67414856,8.814330101,0,7.929486752,0.048433993,0.960084558,0,0,0
7.965545654,0,NA,3.891820192,2.803360462,7.710205078,0,6.895682812,0.048433993,0.96524328,0,0,0
9.546813011,0,NA,3.465735912,3.481240034,9.305650711,0,7.704360962,0.043869168,0.98856324,0,0,0
4.653960228,0,NA,0,-0.693147182,4.094344616,1,7.704360962,0.043869168,0.98856324,0,0,0
8.779557228,0,NA,2.079441547,2.140066147,7.839919567,0,7.704360962,0.043869168,0.98856324,0,0,0
7.773173809,0,0.70588237,2.079441547,2.140066147,7.714231014,0,6.842683315,0.043869168,0.963978052,0,0,0
9.149952888,0,0.926153839,3.68887949,3.569532633,8.870662689,0,6.761572838,0.043869168,0.974921644,0,0,0
5.768321037,0,NA,0.693147182,-0.693147182,5.463831902,1,8.125926971,0.106081635,0.9760741,0,0,0
6.919683933,0,NA,4.543294907,3.417726755,6.727431774,0,8.125926971,0.106081635,0.9760741,0,0,0
5.298317432,0,NA,1.945910096,1.504077435,4.941642284,0,8.125926971,0.106081635,0.9760741,0,0,0
5.164785862,0,NA,0,0.405465096,4.584967613,0,8.125926971,0.106081635,0.9760741,0,0,0
6.052089214,0,NA,1.791759491,-0.693147182,5.857933044,1,7.64778614,0.106081635,0.969731808,0,0,0
8.411832809,0,NA,2.079441547,1.871802211,8.216088295,0,7.64778614,0.106081635,0.969731808,0,0,0
6.214608192,0,NA,2.833213329,2.014903069,5.991464615,0,7.64778614,0.106081635,0.969731808,0,0,0
5.609471798,0,NA,0.693147182,-0.693147182,4.820281506,1,7.189167976,0.134416461,0.966993272,0,0,0
8.999619484,0,NA,3.637586117,2.9704144,8.776475906,0,7.189167976,0.134416461,0.966993272,0,0,0
NA,0,NA,3.044522524,2.917770624,NA,0,7.189167976,0.134416461,0.966993272,0,1,0
5.288267136,0,NA,0.693147182,-0.693147182,4.787491798,1,6.998509407,0.134416461,0.951776624,0,0,0
7.575584888,0,NA,2.079441547,-0.693147182,7.313220501,1,6.998509407,0.134416461,0.951776624,0,0,0
7.763021469,0,0.898477137,3.091042519,3.113515377,6.915723324,0,7.402451515,0.001303317,0.956762731,0,0,0
8.825706482,0,0.898477137,3.401197433,3.417726755,8.246695518,0,7.402451515,0.001303317,0.956762731,0,0,0
4.867534637,0,0.898477137,0,-0.693147182,4.543294907,1,7.402451515,0.001303317,0.956762731,0,0,0
6.278521538,0,0.646666646,1.609437943,-0.693147182,5.703782558,1,7.353722095,0.051773548,0.968473434,0,0,0
8.270269394,0,0.646666646,2.995732307,2.862200975,8.116118431,0,7.353722095,0.051773548,0.968473434,0,0,0
10.54922867,0,NA,4.85981226,4.25561285,10.14376354,0,7.370230675,0.051773548,0.971246004,0,0,0
4.828313828,0,NA,0,-0.693147182,3.871201038,1,7.370230675,0.051773548,0.971246004,0,0,0
5.209486008,0,NA,0.693147182,0.91629076,4.60517025,0,7.370230675,0.051773548,0.971246004,0,0,0
11.12378597,0,NA,5.21493578,4.590056419,10.94146442,0,7.422373772,0.051773548,0.953253925,0,0,0
9.918375969,0,NA,5.023880482,3.701302052,9.338557243,0,7.443663597,0.001800761,0.958823502,0,0,0
6.590301037,0,NA,1.386294365,0.91629076,5.897153854,0,7.443663597,0.001800761,0.958823502,0,0,0
10.36863613,0,NA,4.727387905,4.10264349,10.27332592,0,7.050122738,0.001800761,0.925795078,0,0,0
4.290459633,0,0.518333316,1.609437943,1.252762914,3.713572025,0,7.524561405,0.054817099,0.966024339,0,0,0
7.495542049,0,0.518333316,1.098612309,1.252762914,7.285506725,0,7.524561405,0.054817099,0.966024339,0,0,0
8.312625885,0,NA,3.583518982,2.803360462,7.681098938,0,7.374629021,0.054817099,0.948332548,0,0,0
8.472405434,0,NA,3.784189701,2.917770624,7.892825603,0,7.374629021,0.054817099,0.948332548,0,0,0
8.045588493,0,NA,2.639057398,2.140066147,7.622663975,0,8.411610603,0.059522532,0.979846478,0,0,0
8.552174568,0,NA,5.010635376,4.085976124,8.31776619,0,8.411610603,0.059522532,0.979846478,0,0,0
9.270588875,0,NA,4.174387455,4.151040077,8.599326134,0,8.083328247,0.059522532,0.983390868,0,0,0
8.357024193,0,NA,3.258096457,1.871802211,7.718685627,0,8.083328247,0.059522532,0.983390868,0,0,0
7.336936951,0,NA,2.397895336,2.014903069,7.040536404,0,8.083328247,0.059522532,0.983390868,0,0,0
7.075809002,0,NA,2.564949274,2.67414856,6.021023273,0,8.083328247,0.059522532,0.983390868,0,0,0
8.249313354,0,NA,2.995732307,2.803360462,8.116715431,0,7.195937157,0.059522532,0.942950845,0,0,0
9.225229263,0,NA,3.912023067,3.481240034,9.125109673,0,6.931471825,0.059522532,0.946938753,0,0,0
6.269096375,0,NA,1.609437943,0.405465096,5.996451855,0,6.931471825,0.059522532,0.946938753,0,0,0
8.377931595,0,NA,2.995732307,3.020424843,8.137688637,0,7.820439339,0.011411561,0.972981274,0,0,0
7.560080528,0,NA,1.791759491,1.871802211,7.306531429,0,7.480428219,0.011411561,0.955952883,0,0,0
8.738254547,0,NA,3.33220458,2.67414856,8.43576622,0,6.726233482,0.011411561,0.955093086,0,0,0
9.82989502,0,NA,4.941642284,4.212127686,9.491903305,0,7.262628555,0.150975749,0.968639076,0,0,0
6.891625881,0,0.421052635,4.88280201,2.602689743,6.610695839,0,8.374246597,2.62E-04,0.963139772,0,0,0
8.553717613,0,0.421052635,4.897840023,4.840242386,8.342840195,0,8.374246597,2.62E-04,0.963139772,0,0,0
7.272398472,0,0.421052635,4.143134594,2.803360462,6.985641956,0,8.374246597,2.62E-04,0.963139772,0,0,0
7.887584209,0,NA,2.77258873,2.140066147,7.535830498,0,7.368339539,0.033496521,0.912772596,0,0,0
7.229114056,0,NA,2.302585125,2.251291752,6.823286057,0,7.368339539,0.033496521,0.912772596,0,0,0
7.37775898,0,NA,1.791759491,-0.693147182,6.886444092,1,7.260522366,0.047676653,0.965354323,0,1,0
10.41744804,0,0.397058815,4.976733685,4.973279476,10.05622005,0,8.398409843,0.056944691,0.984413326,0,1,1
10.75502682,0,0.397058815,5.049856186,4.629862785,10.25524616,0,8.398409843,0.056944691,0.984413326,0,1,1
5.857933044,0,0.397058815,0.693147182,0.91629076,6.096238136,0,8.398409843,0.056944691,0.984413326,0,1,1
10.00879288,0,0.662192404,4.234106541,3.51154542,9.338973999,0,7.842278957,0.100137956,0.973917186,0,1,1
8.083945274,0.056593701,NA,3.555348158,3.540959358,7.56362772,0,8.374707222,0,0.960437894,0,1,1
8.903407097,0.056593701,NA,2.564949274,2.525728703,8.55383873,0,8.374707222,0,0.960437894,0,1,1
10.87912178,0.056593701,NA,5.003946304,4.47163868,10.60932827,0,8.374707222,0,0.960437894,0,1,1
7.754910469,0,NA,3.044522524,3.068053007,7.140206337,0,8.008032799,0,0.983387649,0,1,1
7.297091007,0,NA,2.564949274,1.871802211,7.370079041,0,8.008032799,0,0.983387649,0,1,1
13.03007221,0.052964427,NA,6.32435894,5.614951134,12.2294426,0,8.808368683,0.646068156,0.960664809,0,0,1
9.092681885,0,NA,3.401197433,-0.693147182,8.671800613,1,7.537962437,0.646068156,0.981910706,0,0,0
9.687815666,0,NA,3.433987141,-0.693147182,9.119320869,1,7.347299576,0.646068156,0.996098816,0,0,0
7.992944717,0,0.384615391,1.791759491,1.871802211,7.675546169,0,7.043159962,0.646068156,0.998076916,0,0,0
6.648984432,0,0.204545453,1.386294365,-0.693147182,5.886104107,1,8.109525681,0.456668437,0.993265092,0,0,0
11.96718693,0,0.204545453,5.840641499,5.013963223,11.87989235,0,8.109525681,0.456668437,0.993265092,0,0,0
7.714231014,0,0.204545453,1.386294365,1.504077435,7.29912138,0,8.109525681,0.456668437,0.993265092,0,0,0
7.037027836,0,NA,1.386294365,1.252762914,6.608000755,0,7.757478714,0.456668437,0.987021625,0,0,0
4.890348911,0,NA,0,-0.693147182,4.574710846,1,7.757478714,0.456668437,0.987021625,0,0,0
7.933796883,0.279706657,0.926153839,2.079441547,-0.693147182,7.37775898,1,10.37389755,0.042223647,0.946914911,0,0,1
11.15625095,0.279706657,0.926153839,6.104793072,5.570250988,10.2035923,0,10.37389755,0.042223647,0.946914911,0,0,1
10.43705273,0.279706657,0.926153839,4.369447708,3.701302052,9.918375969,0,10.37389755,0.042223647,0.946914911,0,0,1
8.910990715,0.279706657,0.926153839,3.637586117,3.569532633,7.772610188,0,10.37389755,0.042223647,0.946914911,0,1,1
9.104979515,0.279706657,0.926153839,3.610917807,2.67414856,8.699514389,0,10.37389755,0.042223647,0.946914911,0,0,1
9.076808929,0.279706657,0.926153839,4.158883095,4.034240723,8.411832809,0,10.37389755,0.042223647,0.946914911,0,0,1
8.354674339,0.279706657,0.926153839,3.091042519,-0.693147182,7.426548958,1,10.37389755,0.042223647,0.946914911,0,0,1
11.54248428,0.279706657,0.926153839,5.717027664,4.901564121,9.2103405,0,10.37389755,0.042223647,0.946914911,0,0,1
12.15108871,0.279706657,0.926153839,6.470799446,5.46171093,11.79169273,0,10.37389755,0.042223647,0.946914911,0,0,1
10.61108017,0.279706657,0.926153839,4.234106541,3.817712307,10.29552937,0,10.37389755,0.042223647,0.946914911,0,0,1
8.925321579,0.279706657,0.926153839,3.33220458,-0.693147182,8.268732071,1,10.37389755,0.042223647,0.946914911,0,0,1
11.40706444,0.279706657,0.926153839,4.990432739,4.987025261,9.716555595,0,10.37389755,0.042223647,0.946914911,0,0,1
11.03165817,0.279706657,0.926153839,5.768321037,5.734958172,9.903487206,0,10.37389755,0.042223647,0.946914911,0,0,1
9.930275917,0.279706657,0.926153839,3.68887949,3.113515377,9.626152039,0,10.37389755,0.042223647,0.946914911,0,0,1
11.19547081,0.279706657,0.926153839,6.206575871,5.785362244,10.37036133,0,10.37389755,0.042223647,0.946914911,0,0,1
10.57999706,0.279706657,0.926153839,4.820281506,3.701302052,9.615805626,0,10.37389755,0.042223647,0.946914911,0,0,1
7.146772385,0,NA,1.386294365,-0.693147182,6.711669445,1,7.355640888,0.84747225,0.913892567,0,1,0
7.51697731,0,NA,3.526360512,3.540959358,6.892641544,0,7.369600773,0.84747225,0.999185026,0,0,0
8.760923386,0,NA,2.890371799,2.917770624,8.262558937,0,7.187657356,0.331088781,0.980443299,0,0,0
7.267525196,0.087855294,NA,1.098612309,-0.693147182,6.434546471,1,7.996654034,0.457642287,0.970555842,0,0,0
9.307467461,0.087855294,NA,3.931825638,3.238678455,8.986571312,0,7.996654034,0.457642287,0.970555842,0,0,0
7.72001791,0.087855294,NA,2.302585125,2.014903069,7.135687351,0,7.996654034,0.457642287,0.970555842,0,0,0
11.84082508,0,NA,6.942156792,5.440250874,11.62173462,0,9.030735016,0.307526946,0.978883088,0,0,0
8.701346397,0,NA,4.762174129,4.25561285,8.108923912,0,9.030735016,0.307526946,0.978883088,0,0,0
6.579251289,0,NA,2.302585125,1.504077435,6.349139214,0,9.030735016,0.307526946,0.978883088,0,0,0
7.021083832,0,NA,1.945910096,-0.693147182,6.774223804,1,9.030735016,0.307526946,0.978883088,0,0,0
10.10131359,0.021142857,0.75999999,5.384495258,3.417726755,9.687505722,0,9.533582687,0.28602919,0.870225251,0,0,0
10.06155872,0.021142857,0.75999999,5.135798454,4.714024544,9.599202156,0,9.533582687,0.28602919,0.870225251,0,0,0
6.363028049,0.021142857,0.75999999,1.098612309,1.252762914,5.501258373,0,9.533582687,0.28602919,0.870225251,0,0,0
8.75778389,0.021142857,0.75999999,2.995732307,-0.693147182,7.528331757,1,9.533582687,0.28602919,0.870225251,0,0,0
9.628523827,0.021142857,0.75999999,5.817111015,3.881563902,8.844768524,0,9.533582687,0.28602919,0.870225251,0,0,0
7.426548958,0.021142857,0.75999999,1.609437943,1.704748034,6.36990118,0,9.533582687,0.28602919,0.870225251,0,0,0
9.715046883,0.021142857,0.75999999,6.063785076,4.166665077,9.092681885,0,9.533582687,0.28602919,0.870225251,0,0,0
3.33220458,0,NA,0,0.405465096,1.945910096,0,7.826044083,0.28602919,0.996372879,0,0,0
9.048996925,0,NA,3.663561583,3.676300764,8.735203743,0,7.826044083,0.28602919,0.996372879,0,0,0
9.212737083,0,NA,5.746203423,3.901972771,8.790117264,0,7.826044083,0.28602919,0.996372879,0,0,0
6.726233482,0,NA,1.386294365,-0.693147182,5.602118969,1,7.826044083,0.28602919,0.996372879,0,0,0
9.105201721,0,NA,5.209486008,3.481240034,8.680332184,0,8.215276718,0.338034183,0.99647218,0,0,0
8.340456009,0,NA,3.091042519,2.602689743,7.719130039,0,8.215276718,0.338034183,0.99647218,0,0,0
6.445719719,0,NA,1.098612309,-0.693147182,5.484797001,1,8.215276718,0.338034183,0.99647218,0,0,0
7.47986412,0,0.675324678,1.386294365,1.504077435,7.288244247,0,7.499423504,0.418610454,0.994481266,0,0,0
6.907755375,0.053937592,0.600000024,2.197224617,-0.693147182,6.684611797,1,9.519882202,0.039259728,0.97679764,0,0,1
8.124743462,0.053937592,0.600000024,3.610917807,-0.693147182,7.640123367,1,9.519882202,0.039259728,0.97679764,0,0,1
9.085909843,0.053937592,0.600000024,3.33220458,3.34990406,8.612503052,0,9.519882202,0.039259728,0.97679764,0,0,1
12.11022186,0.053937592,0.600000024,6.311734676,-0.693147182,11.65094662,1,9.519882202,0.039259728,0.97679764,0,0,1
10.05826664,0.053937592,0.600000024,4.465908051,-0.693147182,9.612600327,1,9.519882202,0.039259728,0.97679764,0,0,1
10.9279871,0.053937592,0.600000024,4.927253723,-0.693147182,10.65017509,1,9.519882202,0.039259728,0.97679764,0,0,1
4.64439106,0,NA,0,0.405465096,4.248495102,0,7.373374462,0.388538897,0.992012799,1,0,0
8.321178436,0,NA,3.951243639,3.960813284,7.91571331,0,7.373374462,0.388538897,0.992012799,1,0,0
8.351374626,0,NA,4.60517025,2.602689743,7.9459095,0,7.373374462,0.388538897,0.992012799,1,0,0
6.156979084,0,NA,0.693147182,-0.693147182,5.752572536,1,7.373374462,0.388538897,0.992012799,1,0,0
4.60517025,0,0.74000001,0.693147182,1.252762914,3.401197433,0,7.858640671,0.080745995,0.939943552,1,0,0
5.298317432,0,0.74000001,0.693147182,-0.693147182,4.60517025,1,7.858640671,0.080745995,0.939943552,1,0,0
9.576648712,0,0.74000001,5.036952496,3.314186096,9.043104172,0,7.858640671,0.080745995,0.939943552,1,0,0
5.693732262,0,NA,0,-0.693147182,4.969813347,1,7.53742981,0.080745995,0.928171158,1,0,0
9.338733673,0,NA,4.343805313,4.350277901,8.862658501,0,7.53742981,0.080745995,0.928171158,1,1,0
11.17504406,0,NA,5.56068182,4.938064575,10.09162521,0,7.53742981,0.080745995,0.928171158,1,0,0
5.869297028,0,NA,1.098612309,-0.693147182,5.283203602,1,6.892641544,0.080745995,0.992254734,1,0,0
7.590852261,0,NA,1.386294365,1.504077435,6.4264884,0,6.892641544,0.080745995,0.992254734,1,0,0
5.823045731,0,NA,0.693147182,0.91629076,5.283203602,0,6.993933201,0,0.312772125,1,0,0
8.536995888,0,NA,2.197224617,2.251291752,6.907755375,0,6.993933201,0,0.312772125,1,0,0
7.315218449,0,NA,2.079441547,-0.693147182,5.986452103,1,6.993933201,0,0.312772125,1,0,0
7.306531429,0,NA,2.197224617,2.251291752,5.991464615,0,6.778784752,0,0.916270196,1,0,0
7.37775898,0,NA,1.386294365,1.504077435,5.940171242,0,6.778784752,0,0.916270196,1,0,0
7.37775898,0,NA,2.079441547,-0.693147182,6.01615715,1,6.778784752,0,0.916270196,1,0,0
8.212568283,0,NA,3.218875885,3.238678455,6.620073318,0,6.778784752,0,0.916270196,1,0,0
8.059907913,0,NA,1.945910096,2.014903069,6.47697258,0,6.638567924,0,0.976554513,1,0,0
7.649692535,0,NA,2.833213329,2.351375341,7.170119762,0,8.547140121,3.64E-04,0.858864307,0,0,0
9.546813011,0,NA,3.637586117,3.481240034,9.287301064,0,8.547140121,3.64E-04,0.858864307,0,0,0
7.313220501,0,NA,2.079441547,-0.693147182,6.956545353,1,8.547140121,3.64E-04,0.858864307,0,0,0
6.214608192,0,NA,1.386294365,1.504077435,5.768321037,0,8.547140121,3.64E-04,0.858864307,0,0,0
8.987196922,0,NA,3.218875885,3.238678455,8.716044426,0,7.044905186,3.64E-04,0.944089472,0,0,0
8.451053619,0,NA,1.098612309,1.252762914,8.268732071,0,7.197435379,0.003739334,0.936688304,0,0,0
8.160518646,0,NA,2.484906673,2.351375341,7.696212769,0,8.367997169,0,0.920733452,0,0,0
8.974617958,0,NA,3.68887949,3.701302052,8.361708641,0,8.367997169,0,0.920733452,0,0,0
9.209839821,0,NA,4.912654877,4.388257027,9.104979515,0,6.943122387,0,0.974796772,0,0,0
9.343997002,0,NA,4.634728909,4.085976124,8.853665352,0,8.369156837,0,0.845294535,0,0,0
8.433811188,0,NA,2.708050251,2.140066147,8.006367683,0,8.369156837,0,0.845294535,0,0,0
8.787220001,0,NA,3.68887949,3.27714467,8.006367683,0,8.369156837,0,0.845294535,0,0,0
9.546813011,0,NA,3.401197433,2.351375341,9.2103405,0,8.369156837,0,0.845294535,0,0,0
7.549609184,0,NA,1.945910096,1.252762914,6.956545353,0,8.369156837,0,0.845294535,0,0,0
7.293017864,0,NA,1.945910096,-0.693147182,6.47697258,1,8.369156837,0,0.845294535,0,0,0
6.620073318,0,NA,1.945910096,1.871802211,5.703782558,0,8.369156837,0,0.845294535,0,0,0
10.65627098,0.0094,NA,5.225746632,5.201255798,10.37555122,0,8.588955879,4.11E-04,0.576464832,0,0,0
4.969813347,0.0094,NA,0,0.405465096,4.262680054,0,8.588955879,4.11E-04,0.576464832,0,0,0
9.063116074,0.0094,NA,2.890371799,2.140066147,8.799360275,0,8.588955879,4.11E-04,0.576464832,0,0,0
8.226840973,0.0094,NA,1.945910096,-0.693147182,7.979339123,1,8.588955879,4.11E-04,0.576464832,0,0,0
7.863266945,0,0.699999988,1.609437943,-0.693147182,7.244227409,1,8.035926819,0.006577242,0.57350117,0,0,0
9.2103405,0,NA,4.094344616,-0.693147182,8.899413109,1,7.781556129,0.006577242,0.935155571,0,1,0
6.929516792,0,NA,1.386294365,-0.693147182,7.21890974,1,7.781556129,0.006577242,0.935155571,0,0,0
7.325149059,0,NA,2.890371799,2.525728703,6.642486572,0,6.945051193,2.37E-04,0.665660381,1,0,0
5.356586456,0,NA,0,-0.693147182,3.970291853,1,6.945051193,2.37E-04,0.665660381,1,0,0
10.51325321,0,NA,NA,2.602689743,9.862665176,0,6.495265484,2.37E-04,0.934112668,1,0,0
7.544332027,0,NA,1.609437943,1.704748034,6.665683746,0,7.406103611,0.006774936,0.427839845,0,0,0
6.253829002,0,NA,0,-0.693147182,5.34710741,1,7.406103611,0.006774936,0.427839845,0,0,0
9.287301064,0,NA,4.094344616,1.252762914,8.411832809,0,7.406103611,0.006774936,0.427839845,0,0,0
6.930494785,0,NA,1.791759491,-0.693147182,6.49375391,1,7.587310314,0.006774936,0.880124927,0,0,0
11.40978432,0,NA,5.634789467,3.540959358,10.36863613,0,7.587310314,0.006774936,0.880124927,0,0,0
7.901007175,0,NA,3.178053856,2.525728703,7.649692535,0,7.587310314,0.006774936,0.880124927,0,0,0
7.53208828,0,NA,4.060442924,2.602689743,6.951772213,0,7.587310314,0.006774936,0.880124927,0,0,0
5.940171242,0,NA,1.609437943,0.91629076,5.323009968,0,7.587310314,0.006774936,0.880124927,0,0,0
8.40290451,0,NA,3.526360512,2.351375341,7.999678612,0,7.587310314,0.006774936,0.880124927,0,0,0
9.885323524,0,NA,4.927253723,3.51154542,9.223257065,0,7.587310314,0.006774936,0.880124927,0,0,0
8.779557228,0,NA,3.258096457,3.27714467,8.479491234,0,6.746412277,0.006774936,0.864140987,0,0,0
5.634789467,0,NA,1.609437943,1.504077435,4.700480461,0,6.746412277,0.006774936,0.864140987,0,0,0
10.43117046,0,NA,5.192956924,3.020424843,10.02570534,0,7.50549221,0.005748404,0.743639946,0,0,0
6.620073318,0,NA,1.609437943,1.252762914,5.926926136,0,7.50549221,0.005748404,0.743639946,0,0,0
8.006367683,0,NA,2.302585125,-0.693147182,7.495542049,1,7.50549221,0.005748404,0.743639946,0,0,0
7.718685627,0,NA,2.302585125,2.140066147,7.313220501,0,7.50549221,0.005748404,0.743639946,0,0,0
10.1619978,0,NA,4.465908051,3.941581726,9.375854492,0,7.724888325,0.005748404,0.851608455,0,0,0
5.438079357,0,NA,1.098612309,-0.693147182,3.828641415,1,7.724888325,0.005748404,0.851608455,0,0,0
8.779557228,0,NA,2.890371799,2.351375341,8.517192841,0,7.724888325,0.005748404,0.851608455,0,0,0
6.684611797,0,NA,2.197224617,1.504077435,5.991464615,0,7.724888325,0.005748404,0.851608455,0,0,0
6.214608192,0,NA,0,-0.693147182,5.991464615,1,7.036148548,0.005748404,0.86477077,0,0,0
6.214608192,0,NA,0.693147182,0.405465096,6.151014328,0,7.036148548,0.005748404,0.86477077,0,1,0
10.15890503,0,NA,5.720311642,3.384390354,9.436678886,0,7.036148548,0.005748404,0.86477077,0,0,0
8.294049263,0,NA,3.433987141,3.44998765,7.414572716,0,7.036148548,0.005748404,0.86477077,0,0,0
8.294049263,0,NA,1.386294365,0.405465096,8.070905685,0,6.703187943,0.005748404,0.976264179,0,0,0
9.047821045,0,NA,2.302585125,1.704748034,8.824677467,0,6.703187943,0.005748404,0.976264179,0,0,0
7.27931881,0,NA,3.433987141,2.740839958,7.007600784,0,8.389814377,0.019685894,0.804731429,0,0,0
8.006367683,0,NA,1.791759491,1.504077435,7.783224106,0,8.389814377,0.019685894,0.804731429,0,0,0
9.615805626,0,NA,2.079441547,-0.693147182,9.350102425,1,8.389814377,0.019685894,0.804731429,0,0,0
11.90496731,0,NA,5.017279625,4.901564121,11.63691139,0,8.389814377,0.019685894,0.804731429,0,0,0
9.998797417,0,NA,3.850147486,3.569532633,9.69892025,0,8.389814377,0.019685894,0.804731429,0,0,0
6.907755375,0,NA,2.77258873,2.351375341,6.620073318,0,8.389814377,0.019685894,0.804731429,0,0,0
6.173786163,0,NA,0,-0.693147182,5.480638981,1,8.076515198,6.73E-04,0.941246629,0,0,0
6.633318424,0,NA,1.386294365,-0.693147182,5.170484066,1,8.076515198,6.73E-04,0.941246629,0,0,0
7.695302963,0,NA,3.091042519,2.140066147,5.886104107,0,7.311218262,6.73E-04,0.972046435,0,0,0
9.72495842,0,NA,4.820281506,2.917770624,9.175748825,0,7.100852013,6.73E-04,0.955098927,0,0,0
7.289610386,0,NA,3.091042519,2.251291752,6.790097237,0,7.100852013,6.73E-04,0.955098927,0,0,0
8.517192841,0,NA,2.890371799,2.140066147,8.210549355,0,7.280008316,6.73E-04,0.961745381,0,1,0
8.294049263,0,NA,2.890371799,2.917770624,7.258412361,0,7.280008316,6.73E-04,0.961745381,0,0,0
8.006367683,0.058156729,NA,3.091042519,3.113515377,7.195681095,0,8.659733772,0.004309543,0.505442262,0,1,0
9.903487206,0.058156729,NA,3.044522524,-0.693147182,9.305650711,1,8.659733772,0.004309543,0.505442262,0,0,0
7.783224106,0.058156729,NA,3.401197433,-0.693147182,7.37775898,1,8.659733772,0.004309543,0.505442262,0,0,0
7.87473917,0.058156729,NA,1.386294365,1.252762914,7.495542049,0,8.659733772,0.004309543,0.505442262,0,0,0
7.644919395,0.058156729,NA,2.197224617,2.251291752,7.02997303,0,8.659733772,0.004309543,0.505442262,0,0,0
5.991464615,0.058156729,NA,1.098612309,0.91629076,5.52146101,0,8.659733772,0.004309543,0.505442262,0,0,0
6.551080227,0.007420495,NA,2.197224617,-0.693147182,5.857933044,1,8.291045189,0.004309543,0.218144983,0,0,0
8.006367683,0.007420495,NA,1.791759491,0.91629076,7.37775898,0,8.291045189,0.004309543,0.218144983,0,0,0
8.294049263,0.007420495,NA,1.791759491,1.504077435,7.438383579,0,8.291045189,0.004309543,0.218144983,0,0,0
7.003065586,0.007420495,NA,1.386294365,-0.693147182,6.47697258,1,8.291045189,0.004309543,0.218144983,0,0,0
7.183111668,0,NA,2.197224617,-0.693147182,6.361302376,1,7.739359379,0.004309543,0.151300997,0,0,0
6.78219223,0,NA,1.098612309,-0.693147182,6.40357399,1,7.739359379,0.004309543,0.151300997,0,0,0
7.244227409,0,NA,2.197224617,2.251291752,6.937485218,0,7.739359379,0.004309543,0.151300997,0,1,0
7.495542049,0,NA,2.302585125,2.351375341,6.612588406,0,5.993961334,0.004309543,0.195761859,0,1,0
6.47697258,0.012947189,NA,1.791759491,1.504077435,5.857933044,0,8.298290253,3.12E-05,0.727595389,0,0,0
11.64588165,0.012947189,NA,5.332718849,2.917770624,11.22524357,0,8.298290253,3.12E-05,0.727595389,0,0,0
6.214608192,0.012947189,NA,0.693147182,0.405465096,5.703782558,0,8.298290253,3.12E-05,0.727595389,0,0,0
7.649692535,0.012947189,NA,1.386294365,-0.693147182,7.244227409,1,8.298290253,3.12E-05,0.727595389,0,0,0
9.615805626,0.012947189,NA,4.094344616,3.34990406,9.2103405,0,8.298290253,3.12E-05,0.727595389,0,0,0
8.699514389,0.012947189,NA,2.995732307,2.251291752,8.294049263,0,8.298290253,3.12E-05,0.727595389,0,0,0
7.600902557,0.012947189,NA,2.079441547,2.140066147,6.949858189,0,8.298290253,3.12E-05,0.727595389,0,1,0
10.41930103,0,NA,4.691348076,4.569542885,10.10642815,0,6.836259365,3.12E-05,0.790713787,0,0,0
10.12663078,0,NA,4.248495102,3.417726755,8.853665352,0,6.895682812,3.12E-05,0.584452987,0,0,0
7.37775898,0,NA,2.197224617,2.251291752,6.433304787,0,6.895682812,3.12E-05,0.584452987,0,1,0
8.469263077,0,NA,5.181783676,-0.693147182,8.23270607,1,NA,NA,NA,NA,0,0
7.726653576,0,NA,2.397895336,2.140066147,7.438971519,0,NA,NA,NA,NA,0,0
9.310185432,0,NA,3.912023067,-0.693147182,8.839276314,1,NA,NA,NA,NA,0,0
7.223295689,0,NA,4.094344616,1.871802211,NA,0,NA,NA,NA,NA,0,0
7.822444916,0,NA,2.079441547,-0.693147182,NA,1,NA,NA,NA,NA,0,0
8.161660194,0,NA,1.791759491,1.704748034,7.873217106,0,NA,NA,NA,NA,0,0
9.098290443,0,NA,4.025351524,3.068053007,8.727454185,0,NA,NA,NA,NA,0,0
5.459585667,0,NA,0,-0.693147182,NA,1,NA,NA,NA,NA,0,0
10.77607727,0,NA,4.025351524,4.25561285,10.34174252,0,NA,NA,NA,NA,0,0
8.049107552,0,NA,2.197224617,-0.693147182,7.677400589,1,NA,NA,NA,NA,0,0
7.746732712,0,NA,2.484906673,2.014903069,6.907755375,0,NA,NA,NA,NA,0,0
7.634337425,0,NA,1.386294365,-0.693147182,7.0475173,1,NA,NA,NA,NA,0,0
7.590852261,0,NA,2.77258873,1.871802211,7.408530712,0,NA,NA,NA,NA,0,0
10.93310738,0,NA,5.135798454,4.757891178,10.28874969,0,NA,NA,NA,NA,0,0
9.316860199,0,NA,3.583518982,3.157000303,9.281171799,0,NA,NA,NA,NA,0,0
8.037220001,0,NA,1.609437943,-0.693147182,NA,1,NA,NA,NA,NA,0,0
8.377931595,0,NA,2.484906673,2.525728703,7.625595093,0,NA,NA,NA,NA,0,0
9.148465157,0,NA,3.091042519,2.9704144,8.716044426,0,NA,NA,NA,NA,0,0
7.313220501,0,NA,2.639057398,-0.693147182,6.802394867,1,NA,NA,NA,NA,0,0
9.293946266,0,NA,3.713572025,3.481240034,8.996156693,0,NA,NA,NA,NA,0,0
7.130898952,0,NA,0,-0.693147182,6.709304333,1,NA,NA,NA,NA,0,0
7.313220501,0,NA,1.945910096,1.252762914,6.484635353,0,NA,NA,NA,NA,0,0
9.655026436,0,NA,3.828641415,3.569532633,8.974617958,0,NA,NA,NA,NA,0,0
8.699514389,0,NA,3.258096457,3.27714467,8.411832809,0,NA,NA,NA,NA,0,0
7.495542049,0,NA,1.609437943,1.252762914,6.396929741,0,NA,NA,NA,NA,0,0
7.090076923,0,NA,1.098612309,1.252762914,6.745236397,0,NA,NA,NA,NA,0,0
7.313220501,0,NA,0.693147182,0.91629076,NA,0,NA,NA,NA,NA,0,0
7.999678612,0,NA,2.302585125,-0.693147182,NA,1,NA,NA,NA,NA,0,0
10.73487377,0,NA,4.382026672,-0.693147182,10.30561352,1,NA,NA,NA,NA,0,0
9.054855347,0,NA,2.944438934,2.9704144,8.977146149,0,NA,NA,NA,NA,0,0
10.2035923,0,NA,4.787491798,2.740839958,9.392662048,0,NA,NA,NA,NA,0,0
7.170119762,0,NA,1.386294365,-0.693147182,5.501258373,1,NA,NA,NA,NA,0,0
7.860185146,0,NA,2.77258873,2.351375341,7.512071133,0,NA,NA,NA,NA,0,0
10.40577698,0,NA,5.337538242,4.412798405,NA,0,NA,NA,NA,NA,0,0
7.130898952,0,NA,2.995732307,1.704748034,6.551080227,0,NA,NA,NA,NA,0,0
NA,0,NA,2.197224617,-0.693147182,NA,1,NA,NA,NA,NA,0,0
8.575462341,0,NA,3.433987141,2.140066147,8.006367683,0,NA,NA,NA,NA,0,0
10.37931824,0,NA,5.247024059,-0.693147182,9.619598389,1,NA,NA,NA,NA,0,0
6.907755375,0,NA,1.945910096,0.91629076,6.620073318,0,NA,NA,NA,NA,0,0
7.170119762,0,NA,0.693147182,-0.693147182,NA,1,NA,NA,NA,NA,0,0
8.935903549,0,NA,4.553876877,3.113515377,7.901007175,0,NA,NA,NA,NA,0,0
7.649692535,0,NA,2.079441547,2.140066147,6.956545353,0,NA,NA,NA,NA,0,0
9.855347633,0,NA,3.465735912,1.871802211,NA,0,NA,NA,NA,NA,0,0
6.309918404,0,NA,1.945910096,0.91629076,5.857933044,0,NA,NA,NA,NA,0,0
6.913737297,0,NA,2.708050251,-0.693147182,NA,1,NA,NA,NA,NA,0,0
8.221479416,0,NA,2.302585125,1.252762914,7.637234211,0,NA,NA,NA,NA,0,0
8.987196922,0,NA,2.77258873,2.140066147,8.699514389,0,NA,NA,NA,NA,0,0
8.864181519,0,NA,2.302585125,2.351375341,8.42288208,0,NA,NA,NA,NA,0,0
7.919356346,0,NA,2.995732307,3.020424843,6.779922009,0,NA,NA,NA,NA,0,0
8.299534798,0,NA,3.178053856,-0.693147182,NA,1,NA,NA,NA,NA,0,0
8.492900848,0,NA,2.302585125,-0.693147182,NA,1,NA,NA,NA,NA,0,0
7.696212769,0,NA,1.386294365,-0.693147182,7.37775898,1,NA,NA,NA,NA,0,0
7.432483673,0,NA,3.737669706,3.749504089,5.886104107,0,NA,NA,NA,NA,0,0
9.275940895,0,NA,5.707110405,4.620059013,NA,0,NA,NA,NA,NA,0,0
