chng_lib,prop_3km,avg_pwr_log,longitude,latitude,ed_id,mindistlake,mindistlake_sq
0.004907417999999997,1,6.013035218336074,-80.30511817,44.38162656,10,16.37485567,268.13589821333113
0.097222222,1,5.833166110551716,-80.42474242,44.33820818,10,22.92059855,525.3538378902622
-0.016135972999999998,1,5.920465199708174,-80.37660986,44.33293297,10,22.45669409,504.3031094518409
-0.095776164,1,5.954004083805516,-80.30467223,44.33471285,10,20.87414297,435.72984473200046
0.03504928800000001,1,5.945787033611329,-80.28640941,44.27735746,10,25.66778547,658.835210933943
0.18252026999999998,1,5.676109759300688,-80.69987987,44.25976051,10,39.38804874,1551.4183835446158
0.139924233,1,5.802674112165435,-80.47163115,44.25358127,10,33.04123871,1091.7234554912027
0.05900223800000001,1,5.833092888135665,-80.38268863,44.26287435,10,30.21566636,912.9864935788356
0.098640777,1,5.622691717971113,-80.76494765,44.19907414,10,45.9231945,2108.9397930848304
0.084990958,1,5.669042640685593,-80.67604376,44.1953187,10,44.93248907,2018.9285740256696
0.116489874,1,5.728595405211328,-80.61708864,44.22790033,10,39.82853083,1586.3118680762605
0.21553884699999998,1,5.581317244615599,-80.77461189,44.16972422,10,48.83660404,2385.0138941597443
0.149736842,1,5.6913454545525175,-80.52028824,44.15718008,10,44.44042408,1974.951292410244
0.09668449199999998,1,5.563339633855647,-80.75012646,44.12671932,10,53.96975512,2912.734467712766
0.11897636600000003,1,5.638155361216975,-80.65454852,44.12435953,10,51.65761296,2668.50897672516
-0.330600119,1,5.808028369354819,-81.94835189,42.51035198,14,17.39721288,302.66301599203797
-0.257890295,1,6.04863615530533,-81.73032835,42.48646639,14,4.028334707,16.227480511620776
-0.206142728,1,5.8340033937047835,-82.07798643,42.47065812,14,23.37515361,546.3978062910961
-0.210220154,1,5.868615890329926,-82.00925314,42.4705921,14,19.13556655,366.1699071894789
-0.24599268900000004,1,6.112169975079847,-81.77890861,42.45494558,14,3.701718727,13.7027215338225
-0.33091191499999995,1,5.99140454530791,-81.90461779,42.44216597,14,10.06213299,101.24652030844635
-0.334735577,1,6.045926690386295,-81.90081584,42.43801125,14,9.559848852,91.39071007308571
-0.12721088399999997,1,6.062141998892455,-81.88766155,42.44176357,14,8.823386109,77.85214242849415
-0.292040977,1,6.043874342975723,-81.88726054,42.43685461,14,8.523520094,72.65039479282177
-0.319856296,1,6.038767892223849,-81.88481508,42.45032202,14,9.115835741,83.09846125689302
-0.3728191,1,6.08178731040126,-81.87941343,42.43995505,14,8.131868549,66.12728609821536
-0.388630491,1,6.067357888826263,-81.87921074,42.43517995,14,7.853571104,61.678579085583785
-0.311383929,1,6.077428917844474,-81.87796914,42.43551251,14,7.78285898,60.57289390256665
-0.39943099699999995,1,6.052627847340555,-81.87030958,42.44221131,14,7.617931399,58.03287879987009
-0.31898775,1,5.975086150436663,-81.89194051,42.42759536,14,8.347933593,69.6879952731379
-0.371620971,1,6.0280037836988924,-81.88230694,42.43156428,14,7.875958626,62.03072427846381
-0.135692788,1,5.929948121502733,-82.07290375,42.41500767,14,17.15746708,294.3786766012837
-0.21739772599999999,1,6.206469066176833,-81.81298491,42.40845609,14,1.624462961,2.638879911660888
-0.22531547600000007,1,5.967730100330101,-82.13254779,42.38795911,14,15.28730577,233.7017177054753
-0.03689806100000004,1,6.024698626073308,-81.97490851,42.39332015,14,11.94460546,142.6735995950618
-0.19055748900000002,1,6.012014444148174,-82.19906318,42.37559824,14,16.45356111,270.7196732005044
-0.256366723,1,6.032867972564506,-82.18331705,42.37454045,14,15.64299368,244.70325127251994
-0.19884700700000008,1,6.032107325569998,-82.17304326,42.36858932,14,14.6382612,214.27869095942546
-0.14385854800000003,1,6.059153568952297,-82.06561807,42.36064609,14,11.07521638,122.66041786382031
-0.21712023800000002,1,6.21166978580665,-81.84299978,42.36169378,14,1.960288768,3.8427320539469583
-0.29526817400000005,1,6.020557221311254,-82.23496528,42.35329111,14,14.87515637,221.27027703195157
-0.22278037399999995,1,6.059148896186113,-82.00306489,42.34322556,14,8.856821519,78.44328741942148
-0.19471139799999998,1,5.908775632983081,-81.9993043,42.33824891,14,8.237934199,67.86355986705377
-0.22169996100000006,1,5.869381655305767,-81.99420349,42.34097136,14,8.186946969,67.02610067321828
-0.07628188899999999,1,5.907759516308501,-81.9889721,42.33898627,14,7.743105945,59.95568967549434
-0.24491600399999996,1,5.907525717733065,-81.98810519,42.33923403,14,7.720916762,59.61255564573256
-0.276929759,1,5.995130319945163,-82.30030731,42.34147948,14,10.14399122,102.90055787143709
-0.136842105,1,6.098725755304783,-82.12302635,42.32650218,14,8.593388145,73.84631981062655
-0.18904109599999996,1,6.0798897158895135,-82.01038773,42.33042932,14,7.598174083,57.73224939557289
-0.20304443100000003,1,6.036805913863649,-82.00432617,42.32545478,14,7.031949704,49.448316639585684
-0.06666666699999996,1,5.896901088438024,-82.00181795,42.33215972,14,7.774591454,60.44427227660984
-0.26990222300000005,1,5.994163401920792,-82.00033819,42.32724493,14,7.223858517,52.18413187363344
-0.21144362599999997,1,5.914583502772024,-81.99775,42.33050752,14,7.536731781,56.802325938735436
-0.08302857899999999,1,5.861427043737716,-81.99586413,42.33697698,14,7.940563831,63.052553954185406
-0.149659863,1,6.014746408959755,-81.99341594,42.33077841,14,7.300224935,53.29328410159576
-0.22089117800000002,1,5.946678978830222,-81.99065891,42.33553702,14,7.534689389,56.7715441887092
-0.195199323,1,6.143232390233447,-81.96016399,42.33563897,14,6.030929484,36.3721104409805
-0.23231132100000002,1,6.030788620304046,-82.38417737,42.30781461,14,5.714236794,32.6525021379034
-0.11125541099999997,1,6.0865883459080825,-82.185654,42.3132299,14,10.0625577,101.25506746582927
-0.14925646399999998,1,6.146757431514017,-82.0430937,42.31773985,14,6.246938407,39.024239460851696
-0.14094865699999998,1,6.346571011625725,-81.87648131,42.30551982,14,0,0
-0.25295736499999993,1,6.107586203437699,-82.24486899,42.28812646,14,9.928078284,98.56673841323237
-0.039600389999999985,1,6.225684527661771,-81.99679952,42.29465991,14,3.584241435,12.846786664370859
-0.070535715,1,6.363490065784991,-81.92317484,42.29545462,14,0.607329307,0.36884888714110026
-0.14696969699999998,1,5.718023915546409,-82.42710265,42.26732572,14,7.663778345,58.73349852129094
-0.09331914499999999,1,6.311487954730426,-82.0514623,42.27071024,14,1.020602754,1.0416299814723846
-0.15532130300000002,1,6.476623071125186,-81.9586557,42.26934115,14,0.689788541,0.4758082312949086
-0.27280637500000005,1,6.595363760464969,-81.9209789,42.25755213,14,0,0
-0.33818589000000004,1,5.9686640807792894,-82.44148219,42.26464113,14,7.431246869,55.2234300280223
-0.24688644699999998,1,5.872512077930689,-82.43812705,42.25759119,14,8.26225418,68.26484413492746
-0.12999999999999995,1,5.937124510849303,-82.43550296,42.25156924,14,8.964510404,80.36244678342425
-0.274725275,1,5.744361239598541,-82.43425837,42.259189,14,8.235126966,67.81731614614036
-0.16423001999999998,1,5.744694065162616,-82.43296129,42.26401258,14,7.7932001,60.73396779864001
-0.17427899999999996,1,5.798977496314929,-82.42921628,42.25621113,14,8.712792525,75.91275358369586
-0.22652539299999996,1,5.68756162512865,-82.42712947,42.2622057,14,8.180193287,66.91556221267986
-0.075064711,1,5.9365753214179575,-82.42691986,42.2518649,14,9.232469987,85.23850206085578
-0.129476584,1,5.725782033335636,-82.42480856,42.25965369,14,8.519430104,72.58068929694144
-0.05672268899999999,1,5.7126397991545685,-82.42340573,42.26059393,14,8.473582179,71.80159494426637
-0.152907928,1,6.098065293361796,-82.59290331,42.15241802,14,13.0068648,169.17853192547906
-0.215392181,1,6.099437397645881,-82.59968867,42.11864675,14,9.202810699,84.69172476162888
-0.10982936799999998,1,6.159089045977105,-82.57653261,42.09311749,14,7.252602334,52.60024061514224
-0.227580726,1,6.14091850027632,-82.61972815,42.08535074,14,5.243935244,27.49885684326534
0.05902940699999998,1,5.933350676964997,-80.13232082,44.24735922,18,25.40292209,645.30845071061
0.044027747000000006,1,5.9327755507593025,-80.15653304,44.20104539,18,30.72004723,943.7213018134306
-0.017444303999999994,1,5.625438878230806,-78.55968455,44.05617014,19,15.85264564,251.30637378741102
-0.05860221099999999,1,5.550052261975797,-78.64790757,44.0383712,19,14.05339181,197.4978213653751
-0.04398506699999999,1,5.498724390888376,-78.52370011,44.01279098,19,11.69352827,136.7386034012892
0.011695906000000006,1,5.422736114862029,-78.636862,43.99011756,19,8.637050056,74.59863366984959
-0.05845653000000001,1,5.497078057293764,-78.61632598,43.98685543,19,7.97664324,63.62683737823769
0.008069893999999994,1,5.557742701204329,-78.58588976,43.98664064,19,7.994357093,63.9097453303994
-0.04881136999999999,1,5.470150781227603,-78.50811356,43.97702321,19,8.081268991,65.30690850489816
-0.0024469610000000253,1,5.438809477068151,-78.62334705,43.97901539,19,7.187356282,51.65809032440486
-0.08817451200000001,1,5.395702664531849,-78.61215012,43.97251458,19,6.361174066,40.464535497950976
-0.012259624999999996,1,5.509801206850923,-78.6341534,43.94825881,19,4.190004645,17.556138925121576
0.111111111,1,5.755115434923717,-84.48667227,47.51835385,2,19.47224083,379.1681629415191
-0.176512226,1,5.850042101860688,-84.31327387,46.62713744,2,11.80696298,139.40437481109046
-0.07610837399999998,1,5.883829223813854,-84.31247378,46.67085678,2,9.588755695,91.94423577839493
-0.19049735599999998,1,5.598247869771651,-84.28526078,46.71844934,2,10.69668472,114.41906399908149
-0.27156789200000003,1,6.054169356773843,-82.00476181,45.97155873,2,1.176574723,1.384328078802527
-0.175251029,1,5.647864467664085,-81.93514204,45.97783222,2,0.270745066,0.07330289076334434
-0.20250626499999996,1,5.962149015273792,-81.92848635,45.9948285,2,0,0
-0.18213998400000003,1,5.844271688737053,-82.08644411,45.88144265,2,3.212334389,10.319092226752003
-0.207591547,1,5.796118539191275,-81.89862103,45.88124632,2,1.653848865,2.7352160682617885
-0.23177175,1,6.032635280811658,-81.63825042,42.51402541,21,1.123054144,1.2612506103555725
-0.190365255,1,6.10430874006752,-82.63724348,42.30358113,22,0.809815525,0.6558011845310255
-0.28870341600000005,1,6.097804582879308,-82.57467979,42.3133046,22,1.286691708,1.6555755514359571
-0.141110376,1,6.123356471538667,-82.55424663,42.31636864,22,0.992401376,0.9848604910866934
-0.23831690900000002,1,6.067714687465872,-82.54705285,42.30592694,22,2.156878592,4.652125260627902
-0.245459263,1,6.130162880573407,-82.53028726,42.31415691,22,1.239285356,1.5358281935960465
-0.30717780100000003,1,6.084775001520877,-82.45141862,42.31072729,22,2.426550736,5.888148474382141
-0.22440297,1,6.0256195666579675,-82.66654737,42.29674362,22,1.573911641,2.477197853675313
-0.303635595,1,6.015183515128568,-82.63537729,42.28632364,22,2.73428053,7.476290016737081
-0.250517599,1,6.045178284857687,-82.60859119,42.29253172,22,2.310307075,5.3375187807950555
-0.272345014,1,6.045588082582057,-82.5012845,42.27685694,22,5.39825274,29.14113264491751
-0.20820696899999996,1,5.934031389647108,-82.70084025,42.26103756,22,5.556746666,30.87743351010211
-0.2839801,1,6.008830384311892,-82.58834035,42.26449532,22,5.772070634,33.31679940388516
-0.371697005,1,5.973005217183767,-82.66154977,42.25792024,22,5.903526535,34.85162554944911
-0.23398631800000003,1,5.9047076831817,-82.76779651,42.22301175,22,9.794535549,95.93292662062474
-0.25386196699999997,1,5.890834491825802,-82.70327155,42.2197013,22,10.16664558,103.36068234933356
-0.21802002199999998,1,6.0297280715330315,-82.5565796,42.22894723,22,10.45502635,109.30757597919434
-0.21706021200000003,1,6.030841498055503,-82.54909887,42.23086565,22,10.52779629,110.83449472373775
-0.32123482299999995,1,6.022085891447801,-82.64557974,42.20964634,22,11.28657021,127.38666710525946
-0.29242188199999997,1,6.073371669525868,-82.56845498,42.20908379,22,12.15694539,147.79132121544228
-0.156814111,1,5.973300576480311,-82.7496026,42.19235025,22,13.21570277,174.65479970498566
-0.283,1,5.987983495271326,-82.69474311,42.18770728,22,13.73493507,188.64844137711592
-0.18554106599999998,1,6.025295762976826,-82.72465338,42.16156567,22,13.8755025,192.52956962750625
-0.346041055,1,5.998102467288165,-82.72136025,42.17341368,22,15.08315677,227.50161814839686
-0.21273291900000002,1,6.016696038867134,-82.76591899,42.14201539,22,12.70488454,161.41409117473103
-0.18300653600000003,1,6.068620013786684,-82.67358482,42.15244224,22,12.09218669,146.22097894581316
-0.37249260799999995,1,6.0639782133168305,-82.7515736,42.12594796,22,10.62053857,112.79583951685767
-0.267401961,1,6.065335169667946,-82.74481076,42.13765735,22,11.72501657,137.47601356677455
-0.21965962500000002,1,6.066806222222869,-82.73604075,42.13189686,22,10.91755768,119.19306569612698
-0.372076023,1,6.087385903742057,-82.67788143,42.12016312,22,8.524039812,72.659254716561
-0.22643784500000003,1,6.024684116286456,-82.72935667,42.114575,22,8.907479719,79.34319494439632
-0.182792473,1,6.041936629393158,-83.00442968,42.08325544,22,5.734964119,32.889813446217445
-0.205672192,1,6.088144243242021,-82.68157699,42.08855911,22,5.089943834,25.907528233274615
-0.388383045,1,6.017032386331856,-82.88948497,42.06243001,22,8.460359631,71.57768508585444
-0.18755118799999998,1,6.096965802861456,-82.67592451,42.06409214,22,2.328800006,5.423309467945599
-0.30522208800000006,1,6.088643434335927,-82.95228794,42.06205006,22,5.293086473,28.01676441065558
-0.25372393299999996,1,6.130906873193904,-82.91787822,42.04254421,22,5.437242692,29.563608091707405
-0.149880756,1,6.208620206727708,-83.02770902,42.0334628,22,0.073144267,0.0053500837949672884
-0.27224231499999996,1,6.131052561315036,-82.92251945,42.03736004,22,4.748639378,22.549575942292226
-0.291739046,1,6.115792782800368,-82.92214801,42.03259753,22,4.283288759,18.346562592975765
-0.29046989599999995,1,6.096806062585306,-82.92094488,42.0241545,22,3.478344303,12.098879090212556
-0.394112319,1,6.1066531089147835,-82.916374,42.03344333,22,4.576686555,20.94605982271777
-0.29569064999999994,1,6.125752840710674,-82.91348977,42.03698711,22,5.037006617,25.37143565970179
-0.30372148899999996,1,6.076210025554041,-82.910041,42.032296,22,4.689937504,21.995513791425754
-0.276140276,1,6.418311100881911,-82.99392153,42.00553061,22,0,0
-0.306451613,1,6.444282278682374,-82.98215842,41.99972059,22,0,0
-0.34093253500000004,1,6.32682008902912,-82.94824955,41.99803553,22,0,0
-0.27441600899999996,1,6.372493509735274,-82.93218785,41.98930319,22,0,0
-0.261694734,1,6.291257980042108,-82.91296899,41.99221521,22,0.441595759,0.19500681436678605
-0.20615982200000002,1,6.4688952149949,-82.93634033,41.97938607,22,0,0
-0.024242424999999984,1,5.715849375874339,-79.84586321,42.97430003,28,14.9256366,222.77462791525957
-0.06302521,1,5.708653923193222,-79.80479954,42.96055117,28,12.24452297,149.92834276285762
-0.07656479,1,5.741989854047384,-79.63006795,42.95931644,28,11.38184247,129.5463380118957
-0.12637494900000001,1,5.746800456230942,-79.55635931,42.96865433,28,12.02329512,144.55962554261583
-0.02308869500000002,1,5.796072948218279,-79.86589389,42.95910968,28,13.89682668,193.12179177395984
-0.09529231699999999,1,5.788638196556667,-79.8573917,42.94528679,28,12.20737165,149.01992260122373
-0.016570694999999996,1,5.7547987306721655,-79.76454815,42.93489067,28,8.331799172,69.4188774425399
-0.012760735999999995,1,5.768352245305501,-79.6827546,42.94328218,28,8.931542397,79.7724495894085
-0.068633153,1,5.775302816065058,-79.60396803,42.91937034,28,6.66449103,44.415440688950454
-0.07626516400000001,1,5.781952661024719,-79.58385496,42.94370341,28,9.154664746,83.80788661165525
0.004059828999999987,1,5.731896868546277,-79.51429431,42.92591635,28,6.921134982,47.90210943906414
-0.116310161,1,5.858444452319868,-79.65630224,42.89327228,28,4.44859655,19.790011264671907
-0.05519480500000001,1,5.897563124539049,-79.63296838,42.91089543,28,6.219217509,38.678666424252164
-0.13802506400000003,1,5.8570441880412805,-79.63207071,42.90827916,28,5.920678463,35.05443346223204
-0.208139277,1,5.914521405811651,-79.62210847,42.90207801,28,5.010219634,25.102300780919098
-0.23382173399999998,1,5.975769522051005,-79.61580002,42.90115883,28,4.800311474,23.042990247416054
-0.05070780800000002,1,5.991094478641093,-79.61252859,42.90457229,28,5.13648494,26.3834775388468
-0.11681198299999998,1,5.95154058673433,-79.60902249,42.9000221,28,4.59305217,21.09612823634171
-0.19705811499999998,1,5.7563844123963985,-79.58547055,42.90341702,28,4.688064687,21.977950509496406
-0.12996661499999998,1,5.799083563510113,-79.5529466,42.89675223,28,4.050328528,16.405161184730645
-0.13614267900000002,1,6.012354817999484,-79.7290263,42.87632674,28,1.247380895,1.5559590972110011
-0.049730579999999996,1,6.150024776281071,-79.67780477,42.86627272,28,0.982977712,0.9662451822887549
-0.152346331,1,5.888395847676379,-79.61168091,42.87918284,28,2.331129416,5.434164354140501
-0.11536569699999999,1,6.214856067675275,-79.5226214,42.85195603,28,0,0
-0.142788462,1,6.0684811422565135,-79.46404465,42.87430372,28,0,0
-0.16743471599999998,1,6.257661840739687,-79.60599191,42.84419274,28,0,0
-0.051823177,1,5.672092269254533,-80.20536642,42.81602043,28,2.992993061,8.95800746319415
0.055711610999999994,1,5.589777293911083,-80.20144793,42.79527444,28,0.755251801,0.5704052829137436
-0.07200457400000002,1,5.814464804308003,-80.19317936,42.78948799,28,0,0
-0.059887755999999986,1,5.636620069699869,-80.19139172,42.79757327,28,0.647492479,0.4192465103615654
-0.026262796999999977,1,5.741887180689747,-80.17982655,42.79686707,28,0.376167388,0.14150190379474253
-0.034837091999999986,1,6.277096394283513,-80.18691559,42.77017402,28,0,0
0.04032109500000003,1,5.593294018743005,-78.71298319,44.19273003,29,31.9747753,1022.3862554854902
-0.15230606600000002,1,5.674254105284906,-78.67026516,44.11112741,29,22.33903529,499.0324976878655
-0.079065301,1,5.696707505984238,-78.65849632,44.15493475,29,26.94638269,726.1075400759316
-0.07572182899999999,1,5.688303287807741,-78.57187988,44.12697765,29,23.63417768,558.5743546098103
-0.10280112000000002,1,5.883564698961594,-81.45553351,43.98180235,34,21.02890303,442.21476264514314
-0.33261777,1,5.849627327834574,-81.52027914,43.95575828,34,15.43743212,238.3143104596077
-0.268578255,1,5.979141428418951,-81.51285531,43.96931737,34,16.2404584,263.7524890421306
-0.201671891,1,5.820035451480451,-81.48168864,43.89878522,34,18.54518607,343.92392637092206
-0.07020715300000002,1,5.852486922075548,-81.51660853,43.79872725,34,16.39243528,268.7119344089887
-0.20298433899999996,1,6.073995694507117,-81.69518798,43.72037818,34,2.128385714,4.530025747559291
-0.154081633,1,6.005946673056383,-81.67109682,43.68715639,34,4.124726785,17.013371050896435
-0.08066190000000001,1,5.850309885349262,-81.58207007,43.66374949,34,11.04299843,121.94781432498249
-0.09688100599999999,1,6.0155862650617,-81.69350049,43.62249563,34,1.639360305,2.6875022096096934
-0.091785175,1,5.859500496988802,-81.61482265,43.59657658,34,7.69069339,59.14676481898969
-0.06799793400000001,1,5.847007977193298,-81.36747058,43.59113004,34,27.54603738,758.7841753403574
-0.073667712,1,6.168193410573466,-81.70562447,43.55342056,34,0,0
0.008282475999999983,1,5.8035011047666165,-81.68518091,43.5647863,34,1.683983381,2.8358000274841912
-0.299412361,1,5.8291426570201965,-81.28490714,43.56593111,34,33.93578045,1151.6371947506025
-0.12650743499999995,1,5.964476113636494,-81.69222688,43.54122809,34,0.861169748,0.7416133348703835
-0.11060605999999995,1,5.721304726092815,-81.54442724,43.53025556,34,12.6531471,160.1021315342384
-0.071661376,1,5.741986645664522,-81.41469515,43.52508826,34,23.083064,532.827843628096
0.014062810000000037,1,5.969114126942187,-81.68169385,43.49721502,34,1.504873449,2.2646440975051556
0.01471759100000003,1,5.8543151889606335,-81.60990044,43.50565191,34,7.285030287,53.071666282507294
-0.07530404399999996,1,6.112276324824375,-81.70024515,43.41202215,34,1.399324647,1.9581094677016746
-0.035546568,1,5.9001110293823285,-81.62300507,43.4234021,34,7.168099195,51.38164606935965
0.06919696,1,5.861725952722155,-81.62296047,43.42046445,34,7.226573975,52.2233714161473
0.092855725,1,5.9111732668761805,-81.62138335,43.41964558,34,7.367735754,54.28353014076995
0.023191010000000012,1,5.7199641752174415,-81.53083941,43.41532669,34,14.6910081,215.8257189942656
-0.06489341700000001,1,5.800812386993702,-81.60718097,43.36736246,34,10.07359916,101.47740003635272
-0.198975627,1,5.897845935794626,-81.74676395,43.31560309,34,2.822421448,7.966062830130417
-0.025550536000000013,1,5.820053256321588,-81.62583668,43.33408628,34,10.01574132,100.31507418915534
-0.006791170999999985,1,5.679008108724116,-81.51601665,43.34228159,34,17.97137373,322.97027374333413
-0.122430606,1,5.893777294302901,-81.7468867,43.31382626,34,2.940374526,8.645802353149724
-0.027593003999999977,1,5.889664352644913,-81.72906279,43.31119736,34,4.245065287,18.020579290892393
0.137448819,1,5.819260633902313,-81.60408468,43.28754808,34,13.95078687,194.6244542921644
0.034615385,1,5.766685283745928,-81.53343268,43.30264658,34,18.29853021,334.8362078462826
-0.10899565500000002,1,5.792943483974265,-81.50338037,43.28585997,34,21.32190728,454.62373005691705
-0.06821195899999999,1,5.8259971575235925,-81.70908537,43.27055519,34,8.423036502,70.94754391402441
-0.16010810800000003,1,6.018184371807363,-81.77128493,43.31003873,40,1.754169361,3.0771101470711484
-0.20245047500000002,1,5.7505929026627935,-81.76760648,43.30246912,40,2.572216591,6.6162981910156615
-0.20039842800000002,1,5.769242446127987,-81.76314771,43.30107984,40,2.933498903,8.605415813902203
-0.236701031,1,6.064085163696606,-81.76162565,43.31651933,40,1.824717471,3.3295938489726358
-0.08206185599999999,1,5.887577944706156,-81.75753264,43.30652854,40,2.805961077,7.873417565639
-0.086188551,1,5.764325524518283,-81.77039101,43.28425315,40,3.891533417,15.144032335627697
-0.14056201200000001,1,5.751943869763219,-81.54787598,43.23321566,40,21.14442729,447.08680542209675
-0.006354636999999996,1,5.7753679823554895,-81.68103474,43.20397029,40,15.3841227,236.67123124865532
-0.06305609299999998,1,5.818586261941323,-81.68954089,43.15860456,40,18.58541389,345.417609462605
-0.17434495300000002,1,5.808991978912379,-81.67317978,43.1559218,40,19.71715745,388.76629790809045
-0.151672162,1,5.721622392784532,-81.83911254,42.96507385,40,27.09427738,734.0998667443797
-0.10333723699999997,1,5.664140339383757,-81.64807717,42.9609801,40,37.97262147,1441.919981303905
-0.19087221000000001,1,5.753128040117333,-82.05251951,42.61160685,40,31.451035,989.1676025712251
-0.23727209000000002,1,5.8370188237596645,-82.43976925,42.58832314,40,9.659949248,93.31461947393576
-0.224106211,1,5.829689458538995,-82.40742382,42.58692996,40,9.447415947,89.2536680756299
-0.20960187300000002,1,5.797005629653682,-82.39918009,42.58639608,40,9.492853005,90.11425817453754
-0.255639098,1,5.813437754596896,-82.38824961,42.58474238,40,9.526418353,90.75264663637525
-0.239348371,1,5.76185010466346,-82.38118155,42.58652225,40,9.894148436,97.89417327360125
-0.22658730100000002,1,5.7581885858652155,-82.37618676,42.58308748,40,9.682947824,93.75947856230633
-0.140762265,1,5.856426305470797,-82.34611122,42.58828772,40,11.35329037,128.89720222553473
-0.07444444500000003,1,5.675818433440373,-81.96104255,42.60794528,40,26.38218162,696.0195070306659
-0.12090567400000002,1,5.95619481852567,-82.31117247,42.54865971,40,10.38434241,107.83456728812462
-0.200609032,1,5.774526700515277,-82.07043801,42.55472253,40,28.3364443,802.9540755670025
-0.224000844,1,5.741540580258803,-81.99863797,42.54935929,40,23.39597724,547.3717510145981
-0.10713112000000002,1,5.738769881022679,-81.97806266,42.54681227,40,21.99088051,483.5988256050979
-0.453579204,1,6.160063207530389,-82.51804109,42.5379598,40,2.823094973,7.96986522657787
-0.149515768,1,6.021176250280942,-82.38835344,42.52244655,40,3.467616652,12.024365245227688
-0.23870417700000002,1,5.842738295100917,-82.09804768,42.52202949,40,26.36532545,695.1303860844178
-0.17220260500000006,1,6.033040657211591,-82.32950591,42.47370505,40,7.31169638,53.460903953305106
-0.19639227699999995,1,5.955456467915502,-82.24268009,42.49569435,40,14.29141028,204.24440779128966
-0.241666667,1,6.300947249518615,-82.42271129,42.46025121,40,0.51373897,0.2639277292966609
-0.404555499,1,6.163866230918257,-82.39223084,42.41654394,40,1.414139278,1.9997898975823611
-0.11902601300000004,1,6.012154035928159,-82.28419148,42.42846771,40,10.42612678,108.70411963263318
-0.238669827,1,6.116693129097278,-82.38608457,42.36379835,40,2.681785642,7.191974229637352
-0.23655730200000002,1,5.776524752769441,-76.72914418,44.21470832,41,0.910334458,0.8287088254221537
-0.10446837900000006,1,5.805086774984095,-76.68133467,44.21761675,41,0,0
-0.29606771299999995,1,6.061608422602271,-76.65573719,44.21134297,41,0,0
-0.178074118,1,5.863724921203841,-76.80008461,44.17426944,41,0.287974556,0.08292934490339714
-0.05001776800000002,1,6.0467786223116695,-76.7760194,44.17725981,41,0,0
-0.178196556,1,6.089328281995434,-76.76294268,44.17741721,41,0,0
-0.16578483200000002,1,5.450226965600103,-75.48820807,44.92097086,42,52.88258962,2796.5682849173313
-0.06367041200000001,1,5.4771118772880545,-75.53356353,44.87151347,42,46.35587864,2148.867484486408
-0.13609766,1,5.415589160431502,-75.46808622,44.85136043,42,46.99305738,2208.347441919973
-0.123346828,1,5.748172496190661,-79.58903761,43.11157533,55,11.37296679,129.3443736064429
-0.07831029999999999,1,5.7402622553966784,-79.55779626,43.10711009,55,11.4515505,131.13800885405024
-0.09248133199999997,1,5.662137224687487,-79.62337265,43.09212095,55,14.00439744,196.12314765747854
0.018061739999999993,1,5.790800796066162,-79.5629271,43.09504541,55,12.83086396,164.63106996002688
0.023862888,1,5.76419374038051,-79.54971125,43.10283856,55,11.88565833,141.2688739374984
-0.023641310999999998,1,5.797199955344149,-79.55053059,43.0926603,55,13.02065883,169.53755636725697
-0.014588689999999988,1,5.721884310020183,-79.54970533,43.09748924,55,12.48101894,155.77583378063872
-0.099992252,1,5.7499055933561065,-79.54492717,43.09447868,55,12.81032401,164.1044012411825
0.014822133999999987,1,5.7368916013349995,-79.54256749,43.09486344,55,12.76899516,163.0472373961034
-0.061078958,1,5.737977760965419,-79.53827422,43.09565613,55,12.69100708,161.06166070461015
-0.008093934999999997,1,5.652878578127673,-79.49626662,43.08949043,55,13.5681701,184.09523986253402
-0.015700083000000004,1,5.770421912322308,-79.33058662,43.07847853,55,12.42859992,154.470095971424
-0.027532378999999996,1,5.712755430344064,-79.53385931,43.08154221,55,14.27941322,203.90164190751076
-0.10292724499999999,1,5.671651767901816,-79.41545654,43.06501886,55,15.22531188,231.81012184326912
-0.04522346399999999,1,5.60926298217625,-79.67515457,43.06471554,55,18.09408181,327.3957965469728
-0.08954203699999999,1,5.6613341583913614,-79.56080357,43.07011722,55,15.57673937,242.634809400908
-0.030718953999999993,1,5.6346217319368055,-79.4862093,43.05372523,55,17.59083135,309.43734758414274
-0.10048875800000001,1,5.61547935463475,-79.36552569,43.04470712,55,16.44153214,270.32397911065294
-0.0038144640000000174,1,5.711777098981905,-79.57829364,43.03149854,55,18.92435599,358.1312496362488
-0.070025336999999993,1,5.703942461857566,-79.44219615,43.02275479,55,15.82432299,250.40919809184257
-0.0049797699999999945,1,5.660342472810098,-79.37067629,43.02911825,55,17.20552064,296.029940493466
-0.015050907000000002,1,5.695353718953551,-79.63604368,43.02441929,55,18.622825250000002,346.8096202920376
-0.085346464,1,5.722476644703316,-79.52323327,43.01510461,55,16.10647961,259.4186854273458
-0.022849889000000012,1,5.671155971829107,-79.39454559,43.01159183,55,15.01319334,225.39597426422037
0.029677920999999996,1,5.640025869964496,-79.34599734,42.98785592,55,12.65487837,160.14594655949386
-0.071000491,1,5.630483918426754,-78.1085866,44.12444093,58,16.92830852,286.56762934830465
-0.037468981999999984,1,5.648681941925696,-78.08234856,44.06919132,58,10.60546639,112.47591734941963
-0.12149532699999999,1,5.656250518610848,-78.03252239,44.03473918,58,6.315433894,39.884705269484
-0.076272797,1,5.575213984527974,-78.10790721,44.0214821,58,5.534893437,30.635045358945675
-0.078877853,1,5.684344780763726,-80.69637841,43.10867625,67,52.56066953,2762.6239814418705
-0.047105911,1,5.7244180882562725,-80.68840233,43.08796361,67,50.50351342,2550.6048677641197
-0.018553368999999986,1,5.714742196892536,-80.61185581,43.08813792,67,46.51362872,2163.517656702009
0.00929033500000001,1,5.721445559861711,-80.77198777,43.05033799,67,44.68207795,1996.4880899298762
0.061513017,1,5.731287389178386,-80.68218817,43.05458351,67,47.0469013,2213.410921931942
-0.396683673,1,6.236087750099124,-80.70263809,45.83932046,69,0.488603562,0.23873344079908784
-0.174300699,1,5.952874435084008,-80.61824568,45.86118574,69,4.907040153,24.07904306315426
0.08758537599999996,1,5.680193086623099,-80.68847809,43.81795652,70,82.96899362,6883.853902315602
-0.04822045,1,5.7978251848935605,-80.55065128,43.787293,70,80.27969898,6444.830068319414
-0.008401826000000001,1,5.786885111352781,-80.62815135,43.75849921,70,83.71240891,7007.767405515046
0.002937314000000024,1,5.82079780829738,-81.01682306,43.7260908,70,56.83576363,3230.304027405231
-0.05697823299999999,1,5.748131043496948,-80.90281526,43.72542645,70,66.03291387,4360.345714162839
0.009037410999999995,1,5.756944022770433,-80.96232082,43.69952769,70,61.23558518,3749.796892337036
-0.073837927,1,5.714616903028804,-80.79727509,43.69487001,70,74.46378151,5544.854756769018
-0.024137344999999977,1,5.788837216460845,-80.58686314,43.70822643,70,78.01284596,6086.004134778689
-0.131313132,1,5.808013352513431,-81.02614511,43.67727752,70,55.88631194,3123.2798622549863
-0.202925643,1,5.85906965128339,-81.02054152,43.66794908,70,56.24406376,3163.394708238946
0.002673270999999977,1,5.763700964867445,-80.92847971,43.66849889,70,63.65433282,4051.874086759329
0.16477987499999996,1,5.7017069889917975,-80.86787156,43.65461353,70,68.39746718,4678.213516639178
-0.02564102500000004,1,5.728510858964481,-80.80820822,43.62994124,70,72.96370053,5323.701595031522
-0.264907552,1,5.886900936059536,-81.08763769,43.63544473,70,50.52302689,2552.5762461276627
-0.11131451799999997,1,5.868923962240303,-81.00801506,43.60242714,70,56.60754252,3204.413870153608
-0.192874928,1,5.8493737701012885,-81.16958638,43.57246756,70,43.29391308,1874.3629097785954
-0.23386957299999994,1,5.824911018963678,-81.22293093,43.51363478,70,38.59069561,1489.241787663673
-0.21169154200000007,1,5.7518009125500695,-81.34376608,43.48880213,70,28.89912391,835.1593627655337
-0.21071115000000007,1,5.714841102012935,-81.27137346,43.4550594,70,34.91447393,1219.0204898086497
-0.175709272,1,5.957354352978323,-77.07013371,43.95247301,73,2.097584837,4.399862148412316
-0.129887809,1,6.278750291031987,-76.92886968,43.93484912,73,0,0
-0.149169508,1,6.149979973270301,-77.17975706,43.91428602,73,1.508416031,2.2753189225777932
-0.183210636,1,6.060542748287585,-77.07878467,43.90650466,73,1.844014258,3.400388583707291
-0.09188034099999998,1,6.252768634401587,-77.16936483,43.87104324,73,0,0
-0.047868894999999995,1,5.765539004642419,-80.18961471,44.45808646,85,4.380678345,19.190342762351936
-0.129172414,1,5.852733947715768,-80.16027802,44.40959406,85,8.287477209,68.68227848969444
-0.15942029000000002,1,5.5624723344410105,-80.115932,44.43169087,85,4.880028442,23.814677594728952
-0.14280049000000003,1,5.3610573963692225,-80.09997988,44.42035975,85,6.144235351,37.75162804847809
-0.041287879,1,5.303454150653189,-80.09188115,44.41701147,85,6.613882954,43.743447729211766
-0.09150221900000002,1,5.307881484216632,-80.08680048,44.41458916,85,6.967734622,48.549325762617485
-0.17603216600000002,1,5.699031205230714,-80.10835163,44.39873816,85,8.508086253,72.38753168848758
-0.07513096300000002,1,5.409263752145429,-80.07479119,44.40411968,85,8.357709125,69.85130181810825
-0.137489187,1,5.885250889850554,-80.1133424,44.36142585,85,12.66003579,160.27650620408093
-0.064258751,1,5.994091094709862,-80.18614827,44.28830847,85,21.67922417,469.9887606131122
-0.148462355,1,5.590494321861078,-75.38161998,45.02634891,87,67.16791559,4511.528884705366
-0.177235772,1,5.518665012960229,-75.44260405,45.00304593,87,62.62626914,3922.0495863957162
-0.09912917299999999,1,5.433909758852875,-75.46042784,44.96300399,87,58.03469298,3368.025589282862
-0.18502126200000002,1,5.514637692514121,-75.31447666,44.96855142,87,64.59814055,4172.919762517554
-0.20966060399999997,1,5.544919598740207,-75.36699034,44.94727139,87,60.28448941,3634.219663424402
-0.08452932900000001,1,5.445715297802584,-75.38838476,44.88325072,87,53.5121903,2863.554510703414
-0.022648083000000013,1,5.292022595985288,-89.41941329,48.31443952,90,12.49488031,156.12203396122567
-0.005768486999999989,1,5.261948981636147,-89.3420508,48.32318266,90,7.910929962,62.58281286366932
-0.18214285700000005,1,5.814715435362503,-89.23380768,48.29919679,90,0,0
-0.03490259800000001,1,5.8011934764908295,-89.2788533,48.23095615,90,0.814978809,0.6641904591190584
-0.10569105699999998,1,5.504668714688871,-89.31594887,49.37161413,91,83.27525193,6934.767584004968
0.05942028999999999,1,5.458938496362652,-88.60352931,48.78476445,91,4.35774815,18.989968938828422
-0.041945446,1,5.621639229063431,-88.70307644,48.53566592,91,2.936707685,8.62425202713806
0.0091141,1,5.6838280358372355,-79.49479862,42.98102201,98,11.80572731,139.37519731807984
-0.030349981999999998,1,5.654242029096065,-79.42006902,42.97252008,98,10.42486422,108.67779400543621
-0.05371308000000001,1,5.7327002948135855,-79.46228702,42.94235342,98,6.978542564,48.700056317559685
0.053416148999999996,1,5.782461175572259,-79.43152851,42.90853411,98,3.23673335,10.476442779002223
-0.01328480500000001,1,6.1052819522577,-79.4174231,42.87841277,98,0.062125032,0.0038595196010010237
-0.024596542,0,5.383568027720243,-76.44993052,44.39830303,41,14.77806704,218.39126543873437
-0.09876916899999999,0,5.762947207824173,-80.96587867,43.75191656,70,60.87662457,3705.9634190367274
-0.09411764699999997,0,5.475760375890884,-78.73643681,43.9159015,19,3.085555155,9.520650614547076
-0.146279492,0,5.424998474457124,-79.8800672,44.4269722,85,15.50007275,240.25225525529254
-0.163265306,0,5.38767349246413,-79.32209284,45.58910413,69,62.05492531,3850.813755229679
0.122431916,0,5.831665444936046,-80.63998197,44.39429384,10,24.2945442,590.2248778857537
-0.048466754999999986,0,5.710433639869497,-80.61973442,43.02626751,67,42.01302156,1765.0939806010247
0.11089108900000001,0,5.709923579412965,-80.52889714,44.03551058,10,57.4991649,3306.153964197392
0.10832736800000003,0,5.758472659738958,-80.68001163,44.32929062,10,32.00680823,1024.4357730719955
0.006366722999999991,0,5.315931325947259,-79.13883083,45.22571741,69,57.37685294,3292.1032532983863
0.014660114000000002,0,5.466358271835835,-78.44841301,44.07672084,58,16.33936944,266.9749936968059
-0.24703970299999997,0,6.156523373335479,-81.07481622,42.6606667,21,0,0
-0.379102384,0,5.890267574086973,-81.28126811,43.99513966,34,35.05195071,1228.6392485762694
-0.01265551199999998,0,5.205088519267689,-78.50713003,45.05135927,29,94.60626403,8950.345193714073
-0.07827909299999997,0,5.459849309134435,-76.36723624,44.65174573,42,37.04462279,1372.3040776533874
0.021533161000000023,0,5.256218515526698,-76.68093127,44.56746941,41,36.99832209,1368.875837475382
-0.10757636399999998,0,5.501290863072852,-75.25539527,45.01365626,87,71.39245433,5096.882535261137
-0.10694183799999996,0,5.408717661158473,-77.87259725,44.16299041,58,16.94455935,287.1180915656724
-0.130600738,0,5.681870824934882,-77.15867418,44.12720714,73,2.828056146,7.997901564928375
-0.05108016600000001,0,5.552428436135134,-80.15989503,45.46690844,69,6.570060713,43.16569777250607
-0.06949058699999999,0,5.590893692577583,-75.34801556,45.09561896,87,75.18950602,5653.461815531616
-0.110244901,0,5.445788645906245,-75.43299944,44.81525896,42,45.38657984,2059.9416295726946
-0.06352851100000001,0,5.68504128383696,-79.25617483,42.89616599,98,2.032043437,4.129200529854773
-0.022850372000000008,0,5.716968489126893,-81.70501761,42.75054585,40,24.10982745,581.2837796687736
-0.08376569599999997,0,5.215631167929082,-77.07431426,44.37413747,41,17.90945043,320.7484147046272
0.04073248900000004,0,5.124118729333633,-89.22152344,48.44109297,91,0.256165969,0.06562100367370896
-0.04072681699999997,0,5.885912346413086,-75.51141373,44.70661409,42,32.21855648,1038.0353816549498
0.09999999999999999,0,5.647254450314328,-80.91666009,44.33446438,10,28.81540795,830.3277353249232
-0.14404761899999996,0,5.743701661768461,-82.16766504,45.7499586,2,10.52379273,110.75021342400086
-0.187971069,0,5.790837461806005,-82.21335531,42.61745561,40,21.35199664,455.90776051457124
-0.310710498,0,5.375232110316162,-74.68431451,45.02671965,87,105.576385,11146.373069668225
-0.07376745800000001,0,5.525054453372377,-75.81349601,44.90026914,42,43.97384291,1933.6988602733575
-0.348086342,0,5.750990435420752,-81.42815775,42.70714117,21,8.514841717,72.5025294655635
-0.050497866,0,6.006577272417614,-82.25802468,42.39696294,40,12.36907469,152.9940086867986
-0.12658880100000003,0,5.428705072965058,-77.81019503,45.1403643,73,112.9028813,12747.06060584189
-0.28235413900000006,0,6.332501350226774,-82.75349486,42.01950422,22,0.017561827,3.0841776757792896e-4
-0.10900621100000002,0,5.153384075770387,-77.35933905,44.16727884,73,0,0
-0.06723390000000001,0,5.545087596693371,-77.35002312,44.1599667,73,0,0
-0.11415619999999999,0,5.475731066156072,-75.77636606,44.55078191,42,5.869715444,34.45355939353211
0.09999999999999998,0,5.2786247332023,-89.2500751,48.48088147,90,4.472644842,20.004551882669208
-0.02264181300000001,0,5.775215921071396,-79.1546872,42.89849437,98,2.76941486,7.669658666788819
-0.07001307200000001,0,5.173672089478344,-77.55908027,44.28934867,73,17.89812804,320.3429873362342
-0.146382407,0,5.411163792729656,-76.02202356,44.89035942,41,45.99434576,2115.47984189043
-0.03479853500000002,0,5.455953394059867,-76.0187977,44.88252473,41,45.09115021,2033.2118272607831
-0.034327651999999986,0,5.14377827796653,-77.54659467,44.30107411,73,18.6648922,348.37820083762085
-0.020988299000000016,0,5.74370486465362,-79.26861574,42.88334549,98,0.664989165,0.4422105895673973
-0.0014553989999999684,0,5.502702065643285,-79.23257456,44.27127578,105,50.06164959,2506.1687596719476
-0.191354101,0,5.431623733856262,-76.13830806,44.52083839,42,17.51247551,306.68679848834984
-0.09212121200000001,0,5.4072704213025835,-80.73570976,42.87587589,67,26.68890697,712.2977552533147
-0.046078432,0,5.0806028015823115,-77.6854906,44.48885258,73,41.86946698,1753.0522651893102
-0.14970887900000002,0,5.5602199860123305,-81.79959913,42.68464354,40,24.03172616,577.5238622292284
0.233921788,0,5.398248670672978,-80.82663424,44.17590598,10,47.22629843,2230.3232633994203
0.05273462100000004,0,5.379228927428516,-80.75053443,43.13495084,67,54.23608515,2941.5529323980504
-0.06319671400000001,0,5.006821363634276,-77.38794523,44.16691938,73,0,0
-0.07745119,0,5.459530193465063,-81.50486912,42.91006398,40,31.41294134,986.772883630281
-0.060208976,0,5.636352666663073,-80.48525829,42.8534714,28,20.16476339,406.61768257468435
0.236354001,0,5.557746558670938,-78.56334271,44.30536209,29,43.30695491,1875.4923435767732
-0.127431907,0,5.450845301865901,-76.11898394,44.92883738,41,53.05379329,2814.704982458049
-0.15068454999999997,0,5.113667100413983,-77.63310125,44.3953255,73,30.80241229,948.788602883143
-0.10365352999999997,0,5.496540979435315,-76.0277723,44.91162542,41,48.36166698,2338.8508330844224
-0.201671184,0,5.673220169073561,-81.65689836,42.64832766,21,12.72896709,162.02660317830305
-0.19270867500000002,0,5.470740091162743,-75.14832933,44.96040006,87,72.43757476,5247.2022371105895
-0.248933144,0,5.40264134518693,-74.50372156,45.14323708,87,124.5936535,15523.578492478062
-0.26438337599999995,0,5.287296863264571,-77.70658942,45.01073165,73,96.74065049,9358.753457228337
-0.17775974099999997,0,5.194194972989506,-76.95304962,44.25043289,41,5.404733492,29.211144119546514
-0.11426024999999998,0,5.972643537867117,-82.8002996,42.04914384,22,4.753283589,22.593704877456716
-0.386893831,0,5.479609226719671,-74.57295608,45.12184661,87,118.7733494,14107.108527694481
-0.08823529399999999,0,5.573928122946934,-80.73848656,43.1138916,67,52.22711533,2727.6715756931208
0.08440687000000001,0,5.556063290572156,-79.25340156,42.99233158,98,12.71258811,161.60989645451338
0.018884119999999976,0,5.494011609074034,-79.23168704,42.98586067,98,11.89126415,141.40216308507522
-0.010314111999999986,0,5.545435223751631,-80.95600565,43.73379926,70,61.72041144,3809.409188322883
0.16491596700000002,0,5.52788026966443,-80.93999006,44.57372321,10,2.188261703,4.788489280816459
-0.15654354799999998,0,5.038302340457922,-77.67802772,44.48076303,73,40.85300341,1668.9678876174717
-0.14689440999999998,0,5.4390136548947146,-75.70728953,44.60380152,42,13.63503486,185.9141756334152
-0.09550072599999998,0,5.127872995899974,-76.95052662,44.24873243,41,5.412810451,29.298516978454828
-0.024570023999999996,0,5.583665467405903,-79.21294091,43.12440926,98,11.29616055,127.60324317137629
-0.09333333299999999,0,5.349917863743972,-75.69270305,44.59832243,42,13.74027229,188.79508260334185
0.09742300500000001,0,5.552312088519353,-75.6627391,44.60523178,42,15.80755056,249.8786547069563
-0.054779805999999986,0,5.23606955306851,-79.2884576,44.85012945,69,30.93457422,956.9478821726885
0.03874111700000002,0,5.756438173881999,-80.86826411,44.44894309,10,16.96242512,287.72386595160697
-0.254556075,0,5.6149476179557,-77.15552627,44.18619021,73,0.950422688,0.9033032858651453
-0.06627026999999999,0,5.640572847924977,-79.30905774,44.32780503,105,55.4346768,3073.003391920458
-0.066793893,0,5.381343312246415,-78.99115711,45.27752503,69,69.98630514,4898.08290714919
0.010246626000000009,0,5.333163138973635,-78.95190799,45.18580806,69,66.89230684,4474.5807143767115
-0.030448717999999986,0,5.569828135459528,-78.79299424,44.07266889,19,21.07125685,443.997865238672
-0.04567606299999999,0,5.52094878674549,-78.85292217,44.09207563,19,24.13172943,582.3403652827282
-0.03241830099999998,0,5.718943628004035,-79.57854386,43.16388147,55,5.489581797,30.135508305953746
-0.04200261599999999,0,5.687808907144886,-80.78806468,43.24857002,67,65.87537998,4339.5656875093855
-0.05371809100000002,0,5.655295764439961,-79.46471495,44.25660527,105,53.29660264,2840.5278529660554
-0.108687107,0,5.6328269641669895,-79.98265409,43.9776101,18,55.09786374,3035.774588711607
-0.05847953200000003,0,5.493316554829767,-79.99326032,44.41065025,85,10.69025605,114.2815744145616
-0.11507936499999999,0,5.554164285335178,-75.35055709,45.08603364,87,74.15662844,5499.205541588218
-0.06855418899999999,0,5.474796891858358,-78.7541745,43.91348109,19,3.101088678,9.616750988819788
0.05647811800000002,0,5.264020909321214,-79.89236501,44.04696482,85,50.65110033,2565.533964639726
-0.13123407399999998,0,5.415504669235212,-90.45819059,49.45988684,90,143.6070717,20622.99104224894
-0.010829356000000012,0,5.705194810174032,-83.71383772,46.31702808,2,3.567490599,12.72698917395338
0.06909573399999996,0,5.174855109600298,-88.2468267,48.99149166,91,0.414098806,0.17147782113062562
-0.04132016599999999,0,5.5758430369154315,-84.31253409,46.77022785,2,9.689204483,93.88068351338728
-0.33710991900000004,0,5.88803827071383,-81.74740233,45.82458719,2,1.402308532,1.9664692189199948
-0.07636039300000003,0,5.1426688989297835,-89.20915864,48.45428511,91,0.280433362,0.07864287052262306
-0.02860411900000001,0,5.49821685561606,-75.66071058,44.82513975,42,37.59079241,1413.0676740117135
0.073029439,0,5.2980473300914745,-76.444145700000007,44.92830312,41,68.21294996,4653.0065422454645
-0.167117117,0,5.313585217466632,-82.50272281,46.24461464,2,5.237296944,27.429279279631736
-0.06445592800000002,0,5.42815193432827,-76.17840161,44.58163325,42,24.86121034,618.0797795697229
0.08673469400000003,0,5.508655274481298,-78.39231555,44.13262914,29,21.07919149,444.3323138720884
-0.011174362000000021,0,5.401573168849806,-78.74514377,43.97014684,19,9.138201858,83.50673319755467
-0.14870646800000004,0,5.49283919642331,-75.54828442,44.74067488,42,33.26402278,1106.4952115083588
-0.069863014,0,5.204220949835177,-77.80694296,44.30502899,58,28.27145211,799.2750044080234
0.09288449900000001,0,5.395666375617655,-76.56510432,44.32664632,36,10.20414557,104.12458681375062
0.01687598100000004,0,5.548640192242449,-78.51829726,44.35386067,29,47.49324191,2255.6080271217807
-0.108858188,0,5.698166735870565,-80.9065507,43.15220989,67,54.12061906,2929.0414074376354
-0.0031801240000000064,0,5.250717243998103,-79.29047811,45.21195012,69,47.81137439,2285.9275210607475
-0.177243323,0,5.455739831102831,-76.23426737,44.49148495,42,17.51871773,306.9054709034163
-0.02650290899999999,0,5.442066999679286,-80.88667367,43.0308758,67,40.7410173,1659.8304906388996
0.01868571200000002,0,5.757699158280465,-78.83175059,44.16659453,19,31.91925379,1018.8387625104293
-0.18441002,0,5.331394244940828,-76.71893201,44.27660475,41,6.866266276,47.14561257293491
-0.13466322000000003,0,5.600689755972242,-76.09909594,44.84921038,42,44.55953904,1985.5525194572838
-0.004458041999999995,0,5.585591855949129,-78.44740291,44.24472649,29,34.27258197,1174.609874890369
0.022415083000000002,0,5.602067159028645,-78.48490604,43.94610511,19,4.173120264,17.414932737807426
-0.12818910800000002,0,5.817542614492359,-76.06519137,44.38523332,42,1.737044699,3.0173242863240004
-0.19311827999999998,0,5.342367744226905,-77.37721385,44.21320711,73,4.42591218,19.588698625072354
-0.178659179,0,6.57350836449395,-82.59463155,41.99685792,14,0,0
-0.015334656000000002,0,5.418519695574995,-77.73706852,44.16197841,58,13.23941991,175.28223955330444
-0.03344298299999998,0,5.424214063914617,-76.10353491,45.02170066,41,61.9231886,3834.48128639117
0.07769183000000002,0,5.503097334645283,-79.11568225,44.43826649,29,56.08940404,3146.021245562368
0.023060523,0,5.526368854214829,-78.88433194,44.27156045,29,44.18894598,1952.6629468233582
-0.168229206,0,5.326836793875109,-76.65307462,44.45709944,41,24.60566832,605.4389134738516
-0.38540828800000004,0,5.626573802862132,-74.8768764,45.01477183,87,92.48559831,8553.585894758675
0.010532525000000015,0,5.558112950162412,-78.76838929,44.17436878,19,31.53068349,994.1840013465586
-0.08377417000000004,0,5.5439657732023155,-81.42808875,42.95920497,40,34.94182272,1220.930974995908
-0.13655583000000004,0,5.401171744464425,-78.14738899,44.01230553,58,4.841520285,23.44031867006648
-0.171791482,0,5.745516053557133,-81.05631219,43.40729004,70,52.80814862,2788.7005606720077
-0.196428571,0,5.25770368366274,-79.30291714,44.92319996,69,30.33758529,920.3690812280244
0.037292465,0,5.664656956971688,-79.19330881,43.07081195,98,9.826085856,96.55196324948326
-0.07962539899999999,0,5.236319614920217,-79.82265043,44.05968685,85,51.53811328,2656.1771204621123
0.081081081,0,5.988517709443716,-77.13891805,44.02586277,73,2.189337789,4.793199954343409
0.009443325999999974,0,5.533033694214862,-78.48357095,44.26185316,29,36.89935597,1361.5624710007748
-0.12724647000000003,0,5.391142643354775,-79.93203165,44.1898992,85,34.71068885,1204.831920441514
-0.029013668999999992,0,5.578997482416423,-80.91024489,43.01084827,67,38.38040717,1473.0556545349873
-0.26827957,0,5.841887973422056,-80.93654102,42.82717889,21,17.87122818,319.3807966616261
-0.10918295300000003,0,5.601192192430142,-78.57492492,44.19038257,29,30.66367325,940.2608571827654
0.019758351000000007,0,5.038393122807302,-79.87515499,44.15032554,85,40.64520384,1652.0325951951509
-0.018325547999999997,0,5.665349984107181,-80.20458088,42.78949898,28,0.275604454,0.07595781506463811
-0.179013826,0,5.366429183353608,-77.50217696,44.16542814,58,3.483422206,12.134230265253908
0.211375213,0,5.512553363129028,-80.94455935,44.57371293,10,2.25171066,5.070200896357636
-0.02548872200000002,0,5.235084659131173,-79.93602736,44.19804333,85,33.75355876,1139.3027289647725
0.04965430500000001,0,5.697979000362524,-80.92753413,44.56069737,10,3.711351619,13.774130839853923
0.109916752,0,5.124927800492738,-89.41326794,48.35371915,90,13.24363279,175.39380947636317
-0.08776382500000002,0,5.420172101574474,-79.39576787,45.71847275,69,63.63227516,4049.066442037953
-0.20623047800000002,0,5.5247395373108485,-74.74404336,45.08143565,87,105.2841326,11084.748577334383
-0.12888173800000002,0,5.543273288975607,-80.48312725,42.86946257,28,21.39455504,457.72698535958943
-0.197913681,0,5.648231004284844,-75.67418861,44.63035043,42,17.51701669,306.8458737177385
-0.134015595,0,5.7261667339911115,-81.32260724,43.89572117,34,31.31025634,980.3321520765102
0.010296010000000022,0,5.786299042888735,-80.92035261,43.52193439,70,63.09376588,3980.8232929202522
0.082320039,0,5.725817901516813,-81.08155286,44.58260221,10,11.50130415,132.27999715080722
-0.20581950799999998,0,5.619364096573651,-75.40982576,44.78816502,42,44.32531333,1964.7334018026756
0.007232400999999999,0,5.206015656756166,-88.24594004,49.02736263,91,3.080260606,9.488005400875487
-0.24360508599999997,0,5.68468459896426,-80.76881092,42.75402548,21,12.87433592,165.74852538100225
-0.008591371999999986,0,5.511382298780496,-76.52576714,44.24420802,36,1.425249375,2.0313357809378902
0.117911086,0,5.804562515939918,-80.60129582,44.29174706,10,32.7437128,1072.1507279288837
0.01389911599999999,0,5.455479222516225,-78.41774816,44.18550222,29,27.29020607,744.7553473430648
-0.11519523599999998,0,5.652503215257879,-76.46562628,44.27484467,36,1.9633289,3.85466036957521
-0.13779414700000003,0,5.377211722810718,-77.44102743,44.19168551,58,4.09335255,16.7555350985915
0.04960150999999999,0,6.178377630027475,-81.2656932,44.66528867,10,0.429388349,0.18437435425694582
-0.13063063,0,5.729810780177328,-81.10800484,44.24558939,34,32.51929913,1057.5048159064188
0.029104168999999958,0,5.526774774285987,-79.22443396,42.98606888,98,11.88052605,141.1468992247286
-0.0022841140000000038,0,5.241609439458987,-78.7343311,44.36019798,29,50.48240609,2548.473324635669
-0.086088692,0,5.814709468686389,-79.27282876,42.89565265,98,2.053569449,4.217147481866163
0.020848246000000015,0,5.815970628852415,-80.39409669,44.16401531,10,40.79554878,1664.2768002613593
-0.028923196999999984,0,5.581132615202102,-79.20263076,43.12270618,98,11.03895472,121.85852131021026
-0.0390625,0,5.8055625883176525,-80.3989686,44.16744442,10,40.64846666,1652.2978418091313
0.006171065000000003,0,5.68938600770563,-79.20310299,42.95750972,98,8.618303162,74.2751493921392
0.05195020699999997,0,5.637325670344941,-79.04895742,44.35472898,29,54.91805506,3015.9927715731915
-0.058777429999999964,0,5.5638918573361105,-80.52856071,42.84354647,28,21.50577123,462.49819619709575
0.14877376099999998,0,5.8990038038008334,-81.14790366,44.48422692,10,16.63465263,276.711668120766
-0.011201150999999993,0,5.477187139451292,-75.57932547,44.96451898,42,54.32535962,2951.244697842327
-0.03988629800000004,0,5.694667727938688,-81.09965404,43.85680705,34,49.59346421,2459.511692348551
-0.08527131799999998,0,5.491562377916383,-75.97560762,44.83463981,42,38.91402716,1514.301509809218
-0.07831375400000001,0,5.33784572468144,-76.32420135,44.47210033,41,17.09638117,292.2862491099306
-0.373709321,0,6.425063494459918,-82.72826639,42.02133339,22,0,0
0.015392214999999987,0,5.850171683470648,-80.54150395,43.83978779,70,78.43444404,6151.962011863892
0.117009888,0,5.458576494616832,-79.9451385,43.07237485,28,26.90233017,723.7353685756922
-0.169704236,0,5.594265183416851,-77.70941838,44.02948369,58,0,0
-0.05156764300000005,0,5.635453668343443,-80.74842136,42.85695224,67,24.38250032,594.5063218548
0.005555556000000017,0,5.296435597130018,-79.82160915,44.2351104,85,34.52580157,1192.0309740510145
-0.05625219800000003,0,5.899623343442402,-77.644294059999993,44.02752098,58,0,0
0.021337231000000012,0,5.500294481000433,-76.15636956,44.8185443,42,44.28174051,1960.872542594975
0.15072413799999995,0,5.296610911381262,-78.66741428,45.0901255,29,83.36104184,6949.063296650231
0.019042612999999986,0,5.619240772779619,-78.53227591,44.22599715,29,34.14258081,1165.71582436738
-0.088942308,0,5.62581372595331,-80.48314733,42.68774798,28,6.106383653,37.287921317625624
-0.24595588200000001,0,5.837704207754634,-81.71173863,42.54872293,21,8.165795174,66.68021082372168
-0.285266678,0,5.6414317807006364,-81.61285682,42.60941625,21,7.098295307,50.385796265378225
0.129192547,0,5.595279991145851,-78.73067865,44.52969952,29,68.99321771,4760.064089979457
0.022750462000000027,0,5.357925000819664,-78.53867521,44.55684474,29,69.61991833,4846.933028275871
-0.024350445999999998,0,5.679742482396181,-80.23286471,42.88412077,28,10.86582456,118.0661433686992
-0.06699939499999999,0,5.328225622286702,-79.24042086,45.28297582,69,56.36916629,3177.482908229673
0.08531746000000001,0,5.48436115390522,-76.32568768,44.64062287,42,35.04049405,1227.8362232680854
-0.29227680699999997,0,5.500363933246934,-76.19687931,44.65585768,42,33.19536479,1101.9322435411716
0.110472542,0,5.440892738819476,-78.6834655,44.557052,29,71.58260998,5124.070051548796
-0.20413436599999998,0,5.675324699395268,-81.02313515,42.90030453,21,25.91098763,671.379279962013
-0.125470588,0,5.536743541393403,-76.0741998,44.8159772,42,40.38178471,1630.6885363647896
-0.024369746999999997,0,5.477387810865069,-80.00932746,44.45387303,85,6.15604603,37.89690272347876
-0.12429696300000001,0,5.747789790649199,-81.28422961,43.64101426,34,34.76181837,1208.3840163888694
-0.14205344600000003,0,5.468625382200179,-76.03831706,44.5860521,42,18.85218047,355.40470847344943
-0.03956989300000002,0,5.337350562120996,-76.65630258,44.34280205,36,11.96398164,143.1368566822571
0.291515929,0,5.305446890981807,-78.56268021,45.04430351,29,90.16434256,8129.608669277026
-0.18967207800000002,0,5.569507948833732,-80.02943995,45.33904493,69,0.635544804,0.40391719789139846
0.023719523999999992,0,5.524823258853049,-78.60569911,44.39552705,29,53.37545854,2848.9395743552586
-0.06240487099999997,0,5.745771787595129,-80.89964729,43.76570804,70,66.17908329,4379.671065104756
-0.062379941999999966,0,5.573909145058072,-77.88446122,44.01811709,58,2.561239062,6.559945532714639
-0.080053909,0,5.597532674813491,-80.70255774,42.89932667,67,29.842925,890.600172555625
0.04172609599999999,0,5.347816802933975,-78.7206851,44.35819449,29,50.05494085,2505.497103496999
-0.13208762899999998,0,5.377645973158243,-76.33094196,44.88457375,41,58.57134878,3430.6028979084076
-0.13395168300000002,0,5.434446631777476,-79.50722443,45.55200259,69,47.11410793,2219.7391660396893
-0.13650281999999997,0,5.532412727266341,-82.37702259,42.59342806,40,10.73405589,115.2199558496437
-0.191407748,0,5.57564223788617,-75.11019428,45.22351252,87,97.01077732,9411.090916230627
-0.23341677100000002,0,6.127401793344408,-82.50456196,42.06354069,14,3.158080719,9.973473827719557
-0.32096525499999995,0,5.560446988104418,-82.16954885,42.4008328,14,17.72486133,314.17070916772934
-0.051131466000000014,0,5.433708903031747,-76.30917332,44.61602719,42,32.10596259,1030.7928338304794
-0.15730748100000003,0,5.781342102035931,-81.5221881,43.7420748,34,16.04583083,257.46868702497846
-0.205194806,0,5.105066299661355,-77.46788142,44.49239214,73,36.14459349,1306.4316385573502
-0.10892307699999998,0,5.761714848171335,-81.66936564,43.1672934,40,19.00832626,361.3164672066056
0.013316423999999993,0,5.323960746528012,-79.37099711,45.25617729,69,47.9971707,2303.7283952049384
-0.12183761999999998,0,5.595005016783619,-76.59564858,44.23056188,36,0.737806445,0.5443583502835381
-0.14563523900000003,0,5.512755132241283,-76.6032141,44.26027113,36,3.663476188,13.421057780043013
-0.24623376700000002,0,5.9464724112890925,-83.05860851,42.08658039,22,4.341346952,18.847293357639693
-0.018719211999999985,0,5.83533399195375,-78.0981301,43.9648106,58,0,0
-0.024985599000000025,0,5.415082106139143,-78.45659773,44.14630658,29,23.95705433,573.9404521705717
-0.01552916200000004,0,5.338110031490321,-76.59661144,44.37688218,41,16.00588733,256.18842922065454
0.05538641699999999,0,5.805842549847348,-80.50363486,44.30561508,10,28.85274689,832.4810030984046
-0.0019460300000000152,0,5.707811015843207,-80.775116,42.96077382,67,34.98317423,1223.8224792065364
-0.11929150700000002,0,5.24573903632918,-79.35901076,44.90186859,69,25.63151508,656.9745652962674
-0.05555555599999998,0,5.838814407573486,-81.48755186,43.28738658,34,22.39368783,501.47725462749014
-0.10952557399999996,0,6.103406110091203,-82.0506632,43.15009776,40,1.014783418,1.0297853854477625
0.280577631,0,5.5217928627624415,-80.94389698,44.55412177,10,4.386853954,19.244487613725436
0.09761038999999999,0,5.594878651856408,-81.02810667,44.33528758,10,29.57013393,874.3928206381373
-0.10798272300000003,0,5.687124497760058,-81.89622597,42.63386011,40,25.38984251,644.6441026826031
-0.117305732,0,5.67872104406083,-81.31685205,43.88908707,34,31.84229317,1013.9316343242288
-0.089297333,0,5.404697861849724,-79.38571065,45.8455813,69,73.13732166,5349.067819598305
-0.190087146,0,5.593003602477652,-82.16858693,42.4059056,14,18.21483161,331.7800905806552
-0.12290556400000002,0,5.698944122015949,-77.04139223,44.19225483,73,0,0
-0.064102564,0,5.385004107515761,-80.74877778,43.12961681,67,53.69977085,2883.6653893425096
-0.21974238999999995,0,5.53882528088895,-82.36952476,42.60409789,40,12.06314514,145.51947066870562
-0.13888888900000002,0,5.24869635732242,-79.23753214,44.95924658,69,36.21401916,1311.4551837208471
0.09659861000000002,0,5.667633571991757,-81.00179088,44.07721175,10,51.76626724,2679.746423963097
-0.15237612,0,5.464217323923988,-75.50320096,44.76939066,42,37.9498542,1440.1914338012575
-0.128427129,0,5.634761031332507,-81.85004863,42.79929157,40,35.85421234,1285.524542521808
-0.059113300000000035,0,5.438835544643998,-76.26304188,44.90852134,41,57.31929307,3285.50135804455
-0.273092369,0,5.332438560767195,-79.73269814,45.0126569,69,10.70034077,114.4972925941242
-0.05991460800000001,0,5.5526378277369695,-80.44176656,42.80016423,28,13.45900603,181.14484331557634
-0.10700608299999997,0,5.155318440790483,-77.61008355,44.34776568,73,25.26680188,638.4112772431715
-0.133333333,0,5.564554889486797,-81.79297674,42.67122792,40,22.57728434,509.73376816920916
-0.040411189000000014,0,5.765629877982281,-79.27851282,44.33261336,105,56.25301457,3164.401648212632
0.017081644000000007,0,5.476132953356769,-80.06130999,45.42103092,69,2.528630984,6.393974653244808
-0.133721356,0,5.471059856894997,-75.98724792,44.70557761,42,26.32914605,693.2239317222305
-0.15753045400000001,0,5.327769366969965,-77.31148467,44.20153198,73,2.608732621,6.805485887869531
0.27972754600000005,0,5.739156053479223,-80.56462575,44.34223921,10,26.45792375,700.0217291608141
-0.23091178699999998,0,5.720577315119432,-81.11584157,42.7940302,21,13.97022792,195.1672681367475
0.006896552,0,5.8874170579423515,-79.39481178,43.12123859,55,8.775476792,77.0089929269306
-0.295481356,0,5.648671375401501,-81.18130739,42.87333184,21,22.7374129,516.9899453850863
-0.08472222200000001,0,5.528492140777378,-76.16538945,45.12723265,41,74.61237418,5567.006380776331
-0.026879002999999957,0,5.489020367369906,-76.42179442,44.6553782,42,38.86817171,1510.7347720780442
-0.21569887,0,6.424775016245315,-82.74622267,42.01583763,22,0,0
0.030092592,0,5.420663309624231,-76.40945561,44.72344792,42,45.64219294,2083.209776372186
-0.011749531000000007,0,5.519631245031312,-75.57935034,44.88488832,42,46.10485629,2125.657773521553
-0.03847489000000001,0,5.782605977863469,-80.55212721,42.6409148,28,5.963947961,35.56867528151605
-0.26313802499999994,0,5.995688115273647,-82.76819558,42.08243122,22,6.805188668,46.31059280707562
-0.009172278999999978,0,6.272308920687646,-81.26338553,44.64168916,10,0.284597141,0.08099553266537388
0.03671970699999999,0,5.776521653296506,-81.46226546,43.35492539,34,21.73368417,472.3530276013086
-0.036048356000000004,0,5.348378151708039,-86.9510133,49.70842981,91,99.14327503,9829.388983674222
-0.06918744999999998,0,5.794850335202393,-80.10458893,43.90280103,18,55.58527208,3089.722472207628
-0.116322702,0,5.609277637143368,-75.67663235,44.58855735,42,13.68777426,187.35516419271852
-0.131501082,0,5.321179035691299,-80.71666615,42.86402597,67,25.79036749,665.143055269249
-0.073010563,0,5.635025289678716,-80.20717692,44.49973014,85,1.283516337,1.6474141873458976
0.028393747999999996,0,5.718464169192184,-80.10249616,43.91687505,18,56.50899652,3193.2666876973717
0.028183292999999998,0,5.976749307084356,-80.21343704,44.07954192,18,44.77824486,2005.0912127421166
-0.04766690599999998,0,5.564700467739196,-79.35246822,43.01514703,55,15.72010239,247.1216191520837
0.020641711000000007,0,5.178243584133608,-79.83173014,44.12033507,85,45.21012936,2043.9557967479343
0.030487805000000034,0,5.718112638964356,-79.80329886,43.11579741,55,16.62973448,276.5480688753009
0.04781690100000002,0,5.372673165133109,-78.3700512,44.02755028,58,9.353861449,87.49472400708838
0.041925465999999995,0,5.720829675261634,-79.98890295,43.0105763,28,21.13931853,446.8707879128014
-0.034441021000000016,0,5.47342546882369,-78.80368439,44.24015107,29,39.36864562,1549.8902579531455
-0.08346019799999999,0,5.6453090789594,-81.06406853,44.19028054,34,39.31857463,1545.9503109348798
0.004282405000000045,0,5.426481883223309,-79.72772447,44.27222949,85,36.22593992,1312.3187230874498
-0.11475279100000002,0,5.82813352324494,-80.94838964,43.55542826,70,60.96383691,3716.589410789078
-0.265490196,0,5.829374937204066,-81.14106329,42.74470623,21,8.447864685,71.36641773607016
-0.03607068400000002,0,5.6533414485637765,-79.34867168,43.02974302,55,17.32464553,300.143342740149
-0.03742690099999996,0,5.767226647212736,-81.41972516,43.23942175,40,29.73117593,883.9428221806113
0.08604938899999998,0,5.552187969473514,-79.01172127,44.23682912,29,41.53952054,1725.5317666930816
0.014915725000000046,0,5.492266889082773,-78.53419085,44.43339759,29,56.33852346,3174.02922565297
0.00450804099999999,0,5.655404225638073,-78.76152452,43.88556286,19,0.17247098,0.0297462389421604
0.10571686599999999,0,5.343094728279623,-78.59992784,45.09571219,29,88.63886041,7856.847574783466
0.143002633,0,5.304960253636196,-78.67069785,45.04053266,29,81.75665736,6684.151022680443
-0.099619932,0,5.472430324792103,-76.17560745,44.75925769,42,40.00837558,1600.6701165503403
-0.224633432,0,6.026443101940831,-82.76288472,42.04331237,22,2.733448815,7.471742424224904
-0.01775889300000001,0,5.77734577469347,-79.92481834,42.99937302,28,19.01812067,361.68891381868116
0.050811574000000026,0,5.614696219321766,-80.99389646,43.09337391,67,47.44671974,2251.1912140861054
-0.08629238500000003,0,5.596367999214576,-80.97541748,43.23273191,67,62.98267217,3966.8169936736927
-0.207109343,0,5.8707139877052095,-83.00265065,42.16663121,22,8.890810089,79.0465040386642
0.068253969,0,5.552955708945114,-78.62890115,44.22655358,29,34.63686316,1199.712289564565
0.093390805,0,6.1025988622591925,-84.51229837,46.71774783,2,0.253568324,0.06429689493616898
-0.058974359000000004,0,5.331781155753041,-89.85181713,48.55691551,90,48.26442396,2329.4546201906223
-0.16725831000000002,0,5.658038665631507,-81.13426731,42.9190849,21,27.88062468,777.3292325470251
-0.04316229899999999,0,5.82163958164331,-80.08219843,44.31471819,85,17.97109465,322.9602429192587
-0.10389009000000005,0,5.631401727938166,-81.19172388,43.47790589,70,41.25832232,1702.24916066101
0.11517536400000003,0,5.520484441264115,-79.01131716,44.46484056,29,61.08821632,3731.7701731591146
-0.04380341900000001,0,5.872531788273128,-77.14779689,44.04282452,73,1.139379824,1.2981863833382707
-0.013985230999999987,0,5.139509190738721,-77.47938222,44.38003581,73,24.49428326,599.9699124211162
0.10558069399999997,0,5.508181130515015,-78.71204999,44.35345113,29,49.41473589,2441.8161230784544
-0.09032020199999999,0,5.387161230174642,-78.70097101,43.99764753,19,11.2901528,127.46755024734783
-0.15115290099999998,0,5.596442222835535,-80.83275393,42.78322005,21,14.65548747,214.78331298332702
-0.24233716500000002,0,5.396024670952083,-74.99022894,45.00229073,87,84.7220001,7177.817300944401
-0.06170108099999999,0,5.571655809226003,-80.37806708,42.972354,28,24.77711387,613.9053717269464
-0.08397790100000001,0,5.727391573628374,-79.45494121,43.11148753,55,11.31055908,127.92874670217047
-0.09464492900000002,0,5.808025366004582,-80.35019757,43.87900248,18,69.04864847,4767.715855533634
-0.060972018,0,5.6381019683684,-80.49471549,42.96832428,28,30.25271828,915.2269633290462
0.059541342,0,5.522336534398173,-80.82953565,44.09726245,10,55.8058151,3114.2889989753876
-0.03247154499999999,0,5.628667328806622,-81.02588718,43.14071768,67,52.68019438,2775.2028799145837
0.154524887,0,5.818728898337618,-81.06546647,44.50637018,10,14.02932249,196.8218895284198
-0.08668478300000002,0,5.68095387371618,-80.93632398,43.48267255,70,61.91320356,3833.2447750619967
0.07166236000000004,0,5.350235965392,-78.84847219,44.63740688,29,65.88307443,4340.579496348919
-0.14087766499999999,0,5.29891218960572,-76.55726855,44.59283289,41,37.13156507,1378.7531245476441
-0.129990263,0,5.305466748701249,-79.62116452,45.02461905,69,16.13001903,260.17751390816215
-0.14514444800000004,0,5.1118010239292015,-77.74008114,44.53181491,73,47.66577942,2272.0265277160956
-0.185104287,0,5.370610120761512,-77.97150882,45.00137133,73,102.9425204,10597.162506304418
0.055208333,0,5.303832132236061,-78.81836962,44.92943334,29,68.39543751,4677.935872184315
-0.185897436,0,5.3231904506573215,-79.17799789,45.30210644,69,61.15205388,3739.5736937424226
-0.04018026500000002,0,5.750576998064933,-75.8471832,44.45295307,42,0,0
-0.06190858099999999,0,5.753660935305022,-79.62433901,43.17063255,55,5.593643377,31.288846229055967
-0.24460784300000002,0,5.79805271997666,-82.82578858,42.16505642,22,16.82770791,283.1717535042766
-0.11555490699999998,0,5.4849048114890415,-80.7393968,43.12242169,67,53.12498573,2822.2641088127034
-0.072029595,0,5.388381994286735,-78.68847374,43.91312188,19,2.028350916,4.114207438438039
0.0035444930000000097,0,5.543480693311101,-78.57487724,43.94245772,19,3.159534794,9.982660114496621
0.007536232000000032,0,5.809813765294181,-80.06691831,44.48722147,85,0.376744847,0.1419366797410534
-0.023893805000000046,0,5.684657417757346,-81.19613117,43.41735666,70,41.419841,1715.6032284652808
0.135714286,0,5.751041308207002,-80.4978838,44.34563623,10,24.41453004,596.0692770740624
-0.324863884,0,5.378799977449958,-74.52744082,45.10472033,87,120.6509251,14556.64572748581
-0.02334750699999999,0,5.305168841497139,-76.77079536,44.39503688,41,20.61228369,424.8662389170401
-0.45081018500000003,0,5.360066062239001,-74.8009769,45.14492913,87,106.3772057,11316.109892540113
-0.184577075,0,5.490469610074391,-75.25456181,44.96287477,87,66.99837932,4488.7828315066035
-0.136481417,0,5.095454269528972,-77.6870891,44.44031362,73,36.70386836,1347.1739525882092
-0.112619047,0,5.455534767746079,-76.02027811,44.92545692,41,49.59977737,2460.137915153564
-0.32735760999999997,0,5.524412557484983,-74.68710021,45.12604936,87,111.8617071,12513.041515326191
-0.14064887700000006,0,5.461099261467374,-80.96920223,43.37408173,70,60.38374191,3646.1962870534903
-0.045810755999999994,0,5.5097283597852105,-84.11039611,46.55664502,2,23.23904149,540.0530493739415
-0.185666758,0,5.078835851785511,-77.55234189,44.29596425,73,18.34093777,336.3899982830126
0.001923077000000023,0,5.415784796850734,-89.61892692,48.47771083,90,29.38878256,863.7005403589601
-0.18067386800000002,0,5.905408168507647,-83.54704239,46.25427355,2,0.302296671,0.09138327729768225
-0.018193036999999967,0,5.3274634622787405,-88.96630555,48.51630355,91,0,0
0.148619957,0,5.77557896787584,-80.90804872,44.55500414,10,4.858055843,23.60070657370644
-0.170745921,0,5.282701064352346,-79.22363531,45.30745785,69,59.31217891,3517.9345670518487
-0.06498363800000001,0,5.301796308007465,-77.95521427,44.30275684,58,33.80652189,1142.8809222990492
-0.03218390800000004,0,5.210016067056888,-77.46678058,44.3387739,73,19.84589677,393.8596186054964
-0.06315965800000001,0,5.542074980561538,-80.39460552,42.84719057,28,14.95515707,223.656722988371
